--
-- PostgreSQL database dump
--

-- Dumped from database version 13.15 (Debian 13.15-1.pgdg120+1)
-- Dumped by pg_dump version 13.15 (Debian 13.15-1.pgdg120+1)

SET statement_timeout = 0;
SET lock_timeout = 0;
SET idle_in_transaction_session_timeout = 0;
SET client_encoding = 'UTF8';
SET standard_conforming_strings = on;
SELECT pg_catalog.set_config('search_path', '', false);
SET check_function_bodies = false;
SET xmloption = content;
SET client_min_messages = warning;
SET row_security = off;

SET default_tablespace = '';

SET default_table_access_method = heap;

--
-- Name: auth_group; Type: TABLE; Schema: public; Owner: tarot_user
--

CREATE TABLE public.auth_group (
    id integer NOT NULL,
    name character varying(150) NOT NULL
);


ALTER TABLE public.auth_group OWNER TO tarot_user;

--
-- Name: auth_group_id_seq; Type: SEQUENCE; Schema: public; Owner: tarot_user
--

ALTER TABLE public.auth_group ALTER COLUMN id ADD GENERATED BY DEFAULT AS IDENTITY (
    SEQUENCE NAME public.auth_group_id_seq
    START WITH 1
    INCREMENT BY 1
    NO MINVALUE
    NO MAXVALUE
    CACHE 1
);


--
-- Name: auth_group_permissions; Type: TABLE; Schema: public; Owner: tarot_user
--

CREATE TABLE public.auth_group_permissions (
    id bigint NOT NULL,
    group_id integer NOT NULL,
    permission_id integer NOT NULL
);


ALTER TABLE public.auth_group_permissions OWNER TO tarot_user;

--
-- Name: auth_group_permissions_id_seq; Type: SEQUENCE; Schema: public; Owner: tarot_user
--

ALTER TABLE public.auth_group_permissions ALTER COLUMN id ADD GENERATED BY DEFAULT AS IDENTITY (
    SEQUENCE NAME public.auth_group_permissions_id_seq
    START WITH 1
    INCREMENT BY 1
    NO MINVALUE
    NO MAXVALUE
    CACHE 1
);


--
-- Name: auth_permission; Type: TABLE; Schema: public; Owner: tarot_user
--

CREATE TABLE public.auth_permission (
    id integer NOT NULL,
    name character varying(255) NOT NULL,
    content_type_id integer NOT NULL,
    codename character varying(100) NOT NULL
);


ALTER TABLE public.auth_permission OWNER TO tarot_user;

--
-- Name: auth_permission_id_seq; Type: SEQUENCE; Schema: public; Owner: tarot_user
--

ALTER TABLE public.auth_permission ALTER COLUMN id ADD GENERATED BY DEFAULT AS IDENTITY (
    SEQUENCE NAME public.auth_permission_id_seq
    START WITH 1
    INCREMENT BY 1
    NO MINVALUE
    NO MAXVALUE
    CACHE 1
);


--
-- Name: auth_user; Type: TABLE; Schema: public; Owner: tarot_user
--

CREATE TABLE public.auth_user (
    id integer NOT NULL,
    password character varying(128) NOT NULL,
    last_login timestamp with time zone,
    is_superuser boolean NOT NULL,
    username character varying(150) NOT NULL,
    first_name character varying(150) NOT NULL,
    last_name character varying(150) NOT NULL,
    email character varying(254) NOT NULL,
    is_staff boolean NOT NULL,
    is_active boolean NOT NULL,
    date_joined timestamp with time zone NOT NULL
);


ALTER TABLE public.auth_user OWNER TO tarot_user;

--
-- Name: auth_user_groups; Type: TABLE; Schema: public; Owner: tarot_user
--

CREATE TABLE public.auth_user_groups (
    id bigint NOT NULL,
    user_id integer NOT NULL,
    group_id integer NOT NULL
);


ALTER TABLE public.auth_user_groups OWNER TO tarot_user;

--
-- Name: auth_user_groups_id_seq; Type: SEQUENCE; Schema: public; Owner: tarot_user
--

ALTER TABLE public.auth_user_groups ALTER COLUMN id ADD GENERATED BY DEFAULT AS IDENTITY (
    SEQUENCE NAME public.auth_user_groups_id_seq
    START WITH 1
    INCREMENT BY 1
    NO MINVALUE
    NO MAXVALUE
    CACHE 1
);


--
-- Name: auth_user_id_seq; Type: SEQUENCE; Schema: public; Owner: tarot_user
--

ALTER TABLE public.auth_user ALTER COLUMN id ADD GENERATED BY DEFAULT AS IDENTITY (
    SEQUENCE NAME public.auth_user_id_seq
    START WITH 1
    INCREMENT BY 1
    NO MINVALUE
    NO MAXVALUE
    CACHE 1
);


--
-- Name: auth_user_user_permissions; Type: TABLE; Schema: public; Owner: tarot_user
--

CREATE TABLE public.auth_user_user_permissions (
    id bigint NOT NULL,
    user_id integer NOT NULL,
    permission_id integer NOT NULL
);


ALTER TABLE public.auth_user_user_permissions OWNER TO tarot_user;

--
-- Name: auth_user_user_permissions_id_seq; Type: SEQUENCE; Schema: public; Owner: tarot_user
--

ALTER TABLE public.auth_user_user_permissions ALTER COLUMN id ADD GENERATED BY DEFAULT AS IDENTITY (
    SEQUENCE NAME public.auth_user_user_permissions_id_seq
    START WITH 1
    INCREMENT BY 1
    NO MINVALUE
    NO MAXVALUE
    CACHE 1
);


--
-- Name: authtoken_token; Type: TABLE; Schema: public; Owner: tarot_user
--

CREATE TABLE public.authtoken_token (
    key character varying(40) NOT NULL,
    created timestamp with time zone NOT NULL,
    user_id integer NOT NULL
);


ALTER TABLE public.authtoken_token OWNER TO tarot_user;

--
-- Name: django_admin_log; Type: TABLE; Schema: public; Owner: tarot_user
--

CREATE TABLE public.django_admin_log (
    id integer NOT NULL,
    action_time timestamp with time zone NOT NULL,
    object_id text,
    object_repr character varying(200) NOT NULL,
    action_flag smallint NOT NULL,
    change_message text NOT NULL,
    content_type_id integer,
    user_id integer NOT NULL,
    CONSTRAINT django_admin_log_action_flag_check CHECK ((action_flag >= 0))
);


ALTER TABLE public.django_admin_log OWNER TO tarot_user;

--
-- Name: django_admin_log_id_seq; Type: SEQUENCE; Schema: public; Owner: tarot_user
--

ALTER TABLE public.django_admin_log ALTER COLUMN id ADD GENERATED BY DEFAULT AS IDENTITY (
    SEQUENCE NAME public.django_admin_log_id_seq
    START WITH 1
    INCREMENT BY 1
    NO MINVALUE
    NO MAXVALUE
    CACHE 1
);


--
-- Name: django_content_type; Type: TABLE; Schema: public; Owner: tarot_user
--

CREATE TABLE public.django_content_type (
    id integer NOT NULL,
    app_label character varying(100) NOT NULL,
    model character varying(100) NOT NULL
);


ALTER TABLE public.django_content_type OWNER TO tarot_user;

--
-- Name: django_content_type_id_seq; Type: SEQUENCE; Schema: public; Owner: tarot_user
--

ALTER TABLE public.django_content_type ALTER COLUMN id ADD GENERATED BY DEFAULT AS IDENTITY (
    SEQUENCE NAME public.django_content_type_id_seq
    START WITH 1
    INCREMENT BY 1
    NO MINVALUE
    NO MAXVALUE
    CACHE 1
);


--
-- Name: django_migrations; Type: TABLE; Schema: public; Owner: tarot_user
--

CREATE TABLE public.django_migrations (
    id bigint NOT NULL,
    app character varying(255) NOT NULL,
    name character varying(255) NOT NULL,
    applied timestamp with time zone NOT NULL
);


ALTER TABLE public.django_migrations OWNER TO tarot_user;

--
-- Name: django_migrations_id_seq; Type: SEQUENCE; Schema: public; Owner: tarot_user
--

ALTER TABLE public.django_migrations ALTER COLUMN id ADD GENERATED BY DEFAULT AS IDENTITY (
    SEQUENCE NAME public.django_migrations_id_seq
    START WITH 1
    INCREMENT BY 1
    NO MINVALUE
    NO MAXVALUE
    CACHE 1
);


--
-- Name: django_session; Type: TABLE; Schema: public; Owner: tarot_user
--

CREATE TABLE public.django_session (
    session_key character varying(40) NOT NULL,
    session_data text NOT NULL,
    expire_date timestamp with time zone NOT NULL
);


ALTER TABLE public.django_session OWNER TO tarot_user;

--
-- Name: tarot_rest_card; Type: TABLE; Schema: public; Owner: tarot_user
--

CREATE TABLE public.tarot_rest_card (
    id bigint NOT NULL,
    name character varying(150) NOT NULL,
    image_url character varying(200) NOT NULL,
    description text NOT NULL,
    is_negative boolean NOT NULL,
    deck_id bigint NOT NULL
);


ALTER TABLE public.tarot_rest_card OWNER TO tarot_user;

--
-- Name: tarot_rest_card_id_seq; Type: SEQUENCE; Schema: public; Owner: tarot_user
--

ALTER TABLE public.tarot_rest_card ALTER COLUMN id ADD GENERATED BY DEFAULT AS IDENTITY (
    SEQUENCE NAME public.tarot_rest_card_id_seq
    START WITH 1
    INCREMENT BY 1
    NO MINVALUE
    NO MAXVALUE
    CACHE 1
);


--
-- Name: tarot_rest_deck; Type: TABLE; Schema: public; Owner: tarot_user
--

CREATE TABLE public.tarot_rest_deck (
    id bigint NOT NULL,
    name character varying(150) NOT NULL,
    exclude_negative boolean NOT NULL,
    user_id integer,
    img_url character varying(200)
);


ALTER TABLE public.tarot_rest_deck OWNER TO tarot_user;

--
-- Name: tarot_rest_deck_id_seq; Type: SEQUENCE; Schema: public; Owner: tarot_user
--

ALTER TABLE public.tarot_rest_deck ALTER COLUMN id ADD GENERATED BY DEFAULT AS IDENTITY (
    SEQUENCE NAME public.tarot_rest_deck_id_seq
    START WITH 1
    INCREMENT BY 1
    NO MINVALUE
    NO MAXVALUE
    CACHE 1
);


--
-- Name: tarot_rest_reading; Type: TABLE; Schema: public; Owner: tarot_user
--

CREATE TABLE public.tarot_rest_reading (
    id bigint NOT NULL,
    time_stamp timestamp with time zone NOT NULL,
    reading text NOT NULL,
    user_id integer,
    title character varying(150)
);


ALTER TABLE public.tarot_rest_reading OWNER TO tarot_user;

--
-- Name: tarot_rest_reading_cards; Type: TABLE; Schema: public; Owner: tarot_user
--

CREATE TABLE public.tarot_rest_reading_cards (
    id bigint NOT NULL,
    reading_id bigint NOT NULL,
    card_id bigint NOT NULL
);


ALTER TABLE public.tarot_rest_reading_cards OWNER TO tarot_user;

--
-- Name: tarot_rest_reading_cards_id_seq; Type: SEQUENCE; Schema: public; Owner: tarot_user
--

ALTER TABLE public.tarot_rest_reading_cards ALTER COLUMN id ADD GENERATED BY DEFAULT AS IDENTITY (
    SEQUENCE NAME public.tarot_rest_reading_cards_id_seq
    START WITH 1
    INCREMENT BY 1
    NO MINVALUE
    NO MAXVALUE
    CACHE 1
);


--
-- Name: tarot_rest_reading_id_seq; Type: SEQUENCE; Schema: public; Owner: tarot_user
--

ALTER TABLE public.tarot_rest_reading ALTER COLUMN id ADD GENERATED BY DEFAULT AS IDENTITY (
    SEQUENCE NAME public.tarot_rest_reading_id_seq
    START WITH 1
    INCREMENT BY 1
    NO MINVALUE
    NO MAXVALUE
    CACHE 1
);


--
-- Name: token_blacklist_blacklistedtoken; Type: TABLE; Schema: public; Owner: tarot_user
--

CREATE TABLE public.token_blacklist_blacklistedtoken (
    id bigint NOT NULL,
    blacklisted_at timestamp with time zone NOT NULL,
    token_id bigint NOT NULL
);


ALTER TABLE public.token_blacklist_blacklistedtoken OWNER TO tarot_user;

--
-- Name: token_blacklist_blacklistedtoken_id_seq; Type: SEQUENCE; Schema: public; Owner: tarot_user
--

ALTER TABLE public.token_blacklist_blacklistedtoken ALTER COLUMN id ADD GENERATED BY DEFAULT AS IDENTITY (
    SEQUENCE NAME public.token_blacklist_blacklistedtoken_id_seq
    START WITH 1
    INCREMENT BY 1
    NO MINVALUE
    NO MAXVALUE
    CACHE 1
);


--
-- Name: token_blacklist_outstandingtoken; Type: TABLE; Schema: public; Owner: tarot_user
--

CREATE TABLE public.token_blacklist_outstandingtoken (
    id bigint NOT NULL,
    token text NOT NULL,
    created_at timestamp with time zone,
    expires_at timestamp with time zone NOT NULL,
    user_id integer,
    jti character varying(255) NOT NULL
);


ALTER TABLE public.token_blacklist_outstandingtoken OWNER TO tarot_user;

--
-- Name: token_blacklist_outstandingtoken_id_seq; Type: SEQUENCE; Schema: public; Owner: tarot_user
--

ALTER TABLE public.token_blacklist_outstandingtoken ALTER COLUMN id ADD GENERATED BY DEFAULT AS IDENTITY (
    SEQUENCE NAME public.token_blacklist_outstandingtoken_id_seq
    START WITH 1
    INCREMENT BY 1
    NO MINVALUE
    NO MAXVALUE
    CACHE 1
);


--
-- Data for Name: auth_group; Type: TABLE DATA; Schema: public; Owner: tarot_user
--

COPY public.auth_group (id, name) FROM stdin;
\.


--
-- Data for Name: auth_group_permissions; Type: TABLE DATA; Schema: public; Owner: tarot_user
--

COPY public.auth_group_permissions (id, group_id, permission_id) FROM stdin;
\.


--
-- Data for Name: auth_permission; Type: TABLE DATA; Schema: public; Owner: tarot_user
--

COPY public.auth_permission (id, name, content_type_id, codename) FROM stdin;
1	Can add Token	1	add_token
2	Can change Token	1	change_token
3	Can delete Token	1	delete_token
4	Can view Token	1	view_token
5	Can add Token	2	add_tokenproxy
6	Can change Token	2	change_tokenproxy
7	Can delete Token	2	delete_tokenproxy
8	Can view Token	2	view_tokenproxy
9	Can add log entry	3	add_logentry
10	Can change log entry	3	change_logentry
11	Can delete log entry	3	delete_logentry
12	Can view log entry	3	view_logentry
13	Can add permission	4	add_permission
14	Can change permission	4	change_permission
15	Can delete permission	4	delete_permission
16	Can view permission	4	view_permission
17	Can add group	5	add_group
18	Can change group	5	change_group
19	Can delete group	5	delete_group
20	Can view group	5	view_group
21	Can add user	6	add_user
22	Can change user	6	change_user
23	Can delete user	6	delete_user
24	Can view user	6	view_user
25	Can add content type	7	add_contenttype
26	Can change content type	7	change_contenttype
27	Can delete content type	7	delete_contenttype
28	Can view content type	7	view_contenttype
29	Can add session	8	add_session
30	Can change session	8	change_session
31	Can delete session	8	delete_session
32	Can view session	8	view_session
33	Can add deck	9	add_deck
34	Can change deck	9	change_deck
35	Can delete deck	9	delete_deck
36	Can view deck	9	view_deck
37	Can add card	10	add_card
38	Can change card	10	change_card
39	Can delete card	10	delete_card
40	Can view card	10	view_card
41	Can add reading	11	add_reading
42	Can change reading	11	change_reading
43	Can delete reading	11	delete_reading
44	Can view reading	11	view_reading
45	Can add blacklisted token	12	add_blacklistedtoken
46	Can change blacklisted token	12	change_blacklistedtoken
47	Can delete blacklisted token	12	delete_blacklistedtoken
48	Can view blacklisted token	12	view_blacklistedtoken
49	Can add outstanding token	13	add_outstandingtoken
50	Can change outstanding token	13	change_outstandingtoken
51	Can delete outstanding token	13	delete_outstandingtoken
52	Can view outstanding token	13	view_outstandingtoken
\.


--
-- Data for Name: auth_user; Type: TABLE DATA; Schema: public; Owner: tarot_user
--

COPY public.auth_user (id, password, last_login, is_superuser, username, first_name, last_name, email, is_staff, is_active, date_joined) FROM stdin;
1	pbkdf2_sha256$720000$5e1BRoNbfULRvy9oB9vMRt$3iw/GZxzOdJfcyzBKH3h5hrs8JEloLmzc1Xp7esjN8s=	2024-08-06 21:23:03.806612+00	t	admin				t	t	2024-07-01 20:18:10.367987+00
\.


--
-- Data for Name: auth_user_groups; Type: TABLE DATA; Schema: public; Owner: tarot_user
--

COPY public.auth_user_groups (id, user_id, group_id) FROM stdin;
\.


--
-- Data for Name: auth_user_user_permissions; Type: TABLE DATA; Schema: public; Owner: tarot_user
--

COPY public.auth_user_user_permissions (id, user_id, permission_id) FROM stdin;
\.


--
-- Data for Name: authtoken_token; Type: TABLE DATA; Schema: public; Owner: tarot_user
--

COPY public.authtoken_token (key, created, user_id) FROM stdin;
\.


--
-- Data for Name: django_admin_log; Type: TABLE DATA; Schema: public; Owner: tarot_user
--

COPY public.django_admin_log (id, action_time, object_id, object_repr, action_flag, change_message, content_type_id, user_id) FROM stdin;
1	2024-07-01 20:18:41.45918+00	1	admin deck	1	[{"added": {}}]	9	1
2	2024-07-08 19:06:16.678101+00	2	zoe's deck	1	[{"added": {}}]	9	1
3	2024-07-08 19:25:17.600936+00	2	zoe's deck	2	[{"changed": {"fields": ["Img url"]}}]	9	1
4	2024-07-08 19:33:54.760882+00	3	zoe's deck 2	1	[{"added": {}}]	9	1
5	2024-07-10 12:37:53.684082+00	4	zoe deck 3	1	[{"added": {}}]	9	1
6	2024-07-10 12:38:21.920987+00	5	zoe deck 4	1	[{"added": {}}]	9	1
7	2024-07-10 12:39:58.030631+00	6	zoe deck 5	1	[{"added": {}}]	9	1
8	2024-07-16 15:31:51.564463+00	6	Cats Rule the Earth	2	[{"changed": {"fields": ["Name"]}}, {"added": {"name": "card", "object": "The Star"}}, {"added": {"name": "card", "object": "The Lovers"}}, {"added": {"name": "card", "object": "The Devil"}}, {"added": {"name": "card", "object": "Two of Wands"}}, {"added": {"name": "card", "object": "The Emporer"}}, {"added": {"name": "card", "object": "The World"}}]	9	1
9	2024-08-06 21:23:30.558812+00	1	Default Deck	2	[{"changed": {"fields": ["User"]}}, {"changed": {"name": "card", "object": "The Magician", "fields": ["Description"]}}, {"changed": {"name": "card", "object": "The Fool", "fields": ["Description"]}}, {"changed": {"name": "card", "object": "The High Priestess", "fields": ["Description"]}}, {"changed": {"name": "card", "object": "The Emporer", "fields": ["Description"]}}, {"changed": {"name": "card", "object": "The Empress", "fields": ["Description"]}}, {"changed": {"name": "card", "object": "The Hierophant", "fields": ["Description"]}}, {"changed": {"name": "card", "object": "The Chariot", "fields": ["Description"]}}, {"changed": {"name": "card", "object": "The Lovers", "fields": ["Description"]}}, {"changed": {"name": "card", "object": "Justice", "fields": ["Description"]}}, {"changed": {"name": "card", "object": "The Hermit", "fields": ["Description"]}}, {"changed": {"name": "card", "object": "Wheel of Fortune", "fields": ["Description"]}}, {"changed": {"name": "card", "object": "Strength", "fields": ["Description"]}}, {"changed": {"name": "card", "object": "Temperance", "fields": ["Description"]}}, {"changed": {"name": "card", "object": "Death", "fields": ["Description"]}}, {"changed": {"name": "card", "object": "The Tower", "fields": ["Description"]}}, {"changed": {"name": "card", "object": "The Devil", "fields": ["Description"]}}, {"changed": {"name": "card", "object": "The Star", "fields": ["Description"]}}, {"changed": {"name": "card", "object": "The Moon", "fields": ["Description"]}}, {"changed": {"name": "card", "object": "The Sun", "fields": ["Description"]}}, {"changed": {"name": "card", "object": "The World", "fields": ["Description"]}}]	9	1
10	2024-08-07 16:32:12.041711+00	14	Default Deck	3		9	1
11	2024-08-07 16:32:12.051021+00	13	kmokml;	3		9	1
12	2024-08-07 16:32:12.052193+00	12	asdhgsrthfygew	3		9	1
13	2024-08-07 16:32:12.052943+00	11	asdgadsfgsdrghd	3		9	1
14	2024-08-07 16:32:12.05376+00	10	asdfasdf	3		9	1
15	2024-08-07 16:32:12.054488+00	9	Another Cat tarot deck	3		9	1
16	2024-08-07 16:32:12.055294+00	8	TEST3	3		9	1
17	2024-08-07 16:32:12.056201+00	6	Cats Rule the World Again	3		9	1
18	2024-08-07 16:32:12.056865+00	5	zoe deck 4	3		9	1
19	2024-08-07 16:32:12.057965+00	4	zoe deck 3	3		9	1
20	2024-08-07 16:32:12.058685+00	2	zoe's deck	3		9	1
21	2024-08-07 16:32:21.828951+00	51	Reading object (51)	3		11	1
22	2024-08-07 16:32:21.830445+00	50	Reading object (50)	3		11	1
23	2024-08-07 16:32:21.831201+00	49	Reading object (49)	3		11	1
24	2024-08-07 16:32:21.831939+00	48	Reading object (48)	3		11	1
25	2024-08-07 16:32:21.832636+00	47	Reading object (47)	3		11	1
26	2024-08-07 16:32:21.833272+00	46	Reading object (46)	3		11	1
27	2024-08-07 16:32:21.833865+00	45	Reading object (45)	3		11	1
28	2024-08-07 16:32:21.834785+00	44	Reading object (44)	3		11	1
29	2024-08-07 16:32:21.835346+00	43	Reading object (43)	3		11	1
30	2024-08-07 16:32:21.835824+00	42	Reading object (42)	3		11	1
31	2024-08-07 16:32:21.836323+00	41	Reading object (41)	3		11	1
32	2024-08-07 16:32:21.836819+00	40	Reading object (40)	3		11	1
33	2024-08-07 16:32:21.837275+00	39	Reading object (39)	3		11	1
34	2024-08-07 16:32:21.837673+00	38	Reading object (38)	3		11	1
35	2024-08-07 16:32:21.838131+00	37	Reading object (37)	3		11	1
36	2024-08-07 16:32:21.838616+00	36	Reading object (36)	3		11	1
37	2024-08-07 16:32:21.839049+00	35	Reading object (35)	3		11	1
38	2024-08-07 16:32:21.839438+00	34	Reading object (34)	3		11	1
39	2024-08-07 16:32:21.839971+00	33	Reading object (33)	3		11	1
40	2024-08-07 16:32:21.84037+00	32	Reading object (32)	3		11	1
41	2024-08-07 16:32:21.840765+00	31	Reading object (31)	3		11	1
42	2024-08-07 16:32:21.841144+00	30	Reading object (30)	3		11	1
43	2024-08-07 16:32:21.841574+00	29	Reading object (29)	3		11	1
44	2024-08-07 16:32:21.84198+00	28	Reading object (28)	3		11	1
45	2024-08-07 16:32:21.842553+00	27	Reading object (27)	3		11	1
46	2024-08-07 16:32:21.84317+00	26	Reading object (26)	3		11	1
47	2024-08-07 16:32:21.8442+00	25	Reading object (25)	3		11	1
48	2024-08-07 16:32:21.844632+00	24	Reading object (24)	3		11	1
49	2024-08-07 16:32:21.845061+00	23	Reading object (23)	3		11	1
50	2024-08-07 16:32:21.84544+00	22	Reading object (22)	3		11	1
51	2024-08-07 16:32:21.845832+00	21	Reading object (21)	3		11	1
52	2024-08-07 16:32:21.846187+00	20	Reading object (20)	3		11	1
53	2024-08-07 16:32:21.846538+00	19	Reading object (19)	3		11	1
54	2024-08-07 16:32:21.846946+00	18	Reading object (18)	3		11	1
55	2024-08-07 16:32:21.847307+00	17	Reading object (17)	3		11	1
56	2024-08-07 16:32:21.847658+00	16	Reading object (16)	3		11	1
57	2024-08-07 16:32:21.848007+00	15	Reading object (15)	3		11	1
58	2024-08-07 16:32:21.848353+00	14	Reading object (14)	3		11	1
59	2024-08-07 16:32:21.848698+00	13	Reading object (13)	3		11	1
60	2024-08-07 16:32:21.849037+00	12	Reading object (12)	3		11	1
61	2024-08-07 16:32:21.849402+00	11	Reading object (11)	3		11	1
62	2024-08-07 16:32:21.849755+00	10	Reading object (10)	3		11	1
63	2024-08-07 16:32:21.850486+00	9	Reading object (9)	3		11	1
64	2024-08-07 16:32:21.850862+00	8	Reading object (8)	3		11	1
65	2024-08-07 16:32:21.851192+00	7	Reading object (7)	3		11	1
66	2024-08-07 16:32:21.851521+00	6	Reading object (6)	3		11	1
67	2024-08-07 16:32:21.851882+00	5	Reading object (5)	3		11	1
68	2024-08-07 16:32:21.852231+00	4	Reading object (4)	3		11	1
69	2024-08-07 16:32:21.852609+00	3	Reading object (3)	3		11	1
70	2024-08-07 16:32:21.852939+00	2	Reading object (2)	3		11	1
71	2024-08-07 16:32:21.853247+00	1	Reading object (1)	3		11	1
72	2024-08-07 16:32:37.740759+00	3	asher	3		6	1
73	2024-08-07 16:32:37.742705+00	4	test1	3		6	1
74	2024-08-07 16:32:37.743856+00	5	test2	3		6	1
75	2024-08-07 16:32:37.744727+00	6	test3	3		6	1
76	2024-08-07 16:32:37.745832+00	7	test4	3		6	1
77	2024-08-07 16:32:37.7465+00	8	test5	3		6	1
78	2024-08-07 16:32:37.747167+00	9	test6	3		6	1
79	2024-08-07 16:32:37.747742+00	10	test7	3		6	1
80	2024-08-07 16:32:37.748312+00	2	zoe	3		6	1
\.


--
-- Data for Name: django_content_type; Type: TABLE DATA; Schema: public; Owner: tarot_user
--

COPY public.django_content_type (id, app_label, model) FROM stdin;
1	authtoken	token
2	authtoken	tokenproxy
3	admin	logentry
4	auth	permission
5	auth	group
6	auth	user
7	contenttypes	contenttype
8	sessions	session
9	tarot_rest	deck
10	tarot_rest	card
11	tarot_rest	reading
12	token_blacklist	blacklistedtoken
13	token_blacklist	outstandingtoken
\.


--
-- Data for Name: django_migrations; Type: TABLE DATA; Schema: public; Owner: tarot_user
--

COPY public.django_migrations (id, app, name, applied) FROM stdin;
1	contenttypes	0001_initial	2024-06-28 19:03:42.257389+00
2	auth	0001_initial	2024-06-28 19:03:42.298699+00
3	admin	0001_initial	2024-06-28 19:03:42.307748+00
4	admin	0002_logentry_remove_auto_add	2024-06-28 19:03:42.311249+00
5	admin	0003_logentry_add_action_flag_choices	2024-06-28 19:03:42.315708+00
6	contenttypes	0002_remove_content_type_name	2024-06-28 19:03:42.323543+00
7	auth	0002_alter_permission_name_max_length	2024-06-28 19:03:42.326848+00
8	auth	0003_alter_user_email_max_length	2024-06-28 19:03:42.330984+00
9	auth	0004_alter_user_username_opts	2024-06-28 19:03:42.334217+00
10	auth	0005_alter_user_last_login_null	2024-06-28 19:03:42.338073+00
11	auth	0006_require_contenttypes_0002	2024-06-28 19:03:42.338819+00
12	auth	0007_alter_validators_add_error_messages	2024-06-28 19:03:42.342068+00
13	auth	0008_alter_user_username_max_length	2024-06-28 19:03:42.348368+00
14	auth	0009_alter_user_last_name_max_length	2024-06-28 19:03:42.352469+00
15	auth	0010_alter_group_name_max_length	2024-06-28 19:03:42.357346+00
16	auth	0011_update_proxy_permissions	2024-06-28 19:03:42.360299+00
17	auth	0012_alter_user_first_name_max_length	2024-06-28 19:03:42.365179+00
18	authtoken	0001_initial	2024-06-28 19:03:42.373263+00
19	authtoken	0002_auto_20160226_1747	2024-06-28 19:03:42.383353+00
20	authtoken	0003_tokenproxy	2024-06-28 19:03:42.385264+00
21	authtoken	0004_alter_tokenproxy_options	2024-06-28 19:03:42.388178+00
22	sessions	0001_initial	2024-06-28 19:03:42.394203+00
23	tarot_rest	0001_initial	2024-06-28 19:03:42.40298+00
24	tarot_rest	0002_deck_user	2024-06-28 19:03:42.40946+00
25	tarot_rest	0003_card_user_alter_deck_user	2024-06-28 19:03:42.419471+00
26	tarot_rest	0004_remove_card_user	2024-06-28 19:03:42.426661+00
27	tarot_rest	0005_reading	2024-06-28 19:03:42.437059+00
28	tarot_rest	0006_reading_title	2024-06-28 19:03:42.442029+00
29	tarot_rest	0007_reading_cards	2024-06-28 19:03:42.446365+00
30	tarot_rest	0008_remove_reading_cards_reading_cards	2024-06-28 19:03:42.460466+00
31	tarot_rest	0009_deck_img_url	2024-07-08 19:24:12.87287+00
32	token_blacklist	0001_initial	2024-08-05 14:48:08.477001+00
33	token_blacklist	0002_outstandingtoken_jti_hex	2024-08-05 14:48:08.481721+00
34	token_blacklist	0003_auto_20171017_2007	2024-08-05 14:48:08.486899+00
35	token_blacklist	0004_auto_20171017_2013	2024-08-05 14:48:08.494617+00
36	token_blacklist	0005_remove_outstandingtoken_jti	2024-08-05 14:48:08.500488+00
37	token_blacklist	0006_auto_20171017_2113	2024-08-05 14:48:08.506087+00
38	token_blacklist	0007_auto_20171017_2214	2024-08-05 14:48:08.522991+00
39	token_blacklist	0008_migrate_to_bigautofield	2024-08-05 14:48:08.543882+00
40	token_blacklist	0010_fix_migrate_to_bigautofield	2024-08-05 14:48:08.551918+00
41	token_blacklist	0011_linearizes_history	2024-08-05 14:48:08.552691+00
42	token_blacklist	0012_alter_outstandingtoken_user	2024-08-05 14:48:08.557884+00
\.


--
-- Data for Name: django_session; Type: TABLE DATA; Schema: public; Owner: tarot_user
--

COPY public.django_session (session_key, session_data, expire_date) FROM stdin;
ffsr6o85c2st8dxkd4rks6rdnyuhxed3	.eJxVjDsOwjAQBe_iGln-rWNT0nMGa73e4ABypDipEHeHSCmgfTPzXiLhtta0dV7SVMRZaHH63TLSg9sOyh3bbZY0t3WZstwVedAur3Ph5-Vw_w4q9vqtObKxgNGPJpNWg_cB9IhAYBUhobeBCApYNsFnrdCZ6JGzHqIrzqF4fwDhgTfI:1sONUA:8MV0bNHDtPVt9_XEceocwGnLSPxjVL7WaQg-e_GsQ_Y	2024-07-15 20:18:50.045553+00
10xvqgnx0w0py5kcymu0bt1ayf7xk0mm	.eJxVjDsOwjAQBe_iGln-rWNT0nMGa73e4ABypDipEHeHSCmgfTPzXiLhtta0dV7SVMRZaHH63TLSg9sOyh3bbZY0t3WZstwVedAur3Ph5-Vw_w4q9vqtObKxgNGPJpNWg_cB9IhAYBUhobeBCApYNsFnrdCZ6JGzHqIrzqF4fwDhgTfI:1sONXz:K_DCIeKpnPC9jQDbtcczRTs-aVdr3gfuFZLJZmyMv2g	2024-07-15 20:22:47.297745+00
pgvv8az91s6r5oh2oilgyhb1okkdjtjl	.eJxVjDsOwjAQBe_iGln-rWNT0nMGa73e4ABypDipEHeHSCmgfTPzXiLhtta0dV7SVMRZaHH63TLSg9sOyh3bbZY0t3WZstwVedAur3Ph5-Vw_w4q9vqtObKxgNGPJpNWg_cB9IhAYBUhobeBCApYNsFnrdCZ6JGzHqIrzqF4fwDhgTfI:1sONZM:oHltjL5rByngVle1rtgBPWOGoykXTldUGHikYpCuwU0	2024-07-15 20:24:12.873224+00
clqwag5k33ptk3uc9xdovc9k8q9remkx	.eJxVjDsOwjAQBe_iGln-rWNT0nMGa73e4ABypDipEHeHSCmgfTPzXiLhtta0dV7SVMRZaHH63TLSg9sOyh3bbZY0t3WZstwVedAur3Ph5-Vw_w4q9vqtObKxgNGPJpNWg_cB9IhAYBUhobeBCApYNsFnrdCZ6JGzHqIrzqF4fwDhgTfI:1sONdU:fvMa6i6sLnJ71uWIeiFFElinjg5J3ORJWSZQeqUQAFM	2024-07-15 20:28:28.161097+00
ukyn195yvmx7qrj7sl3v2ld3t233itwn	.eJxVjDsOwjAQBe_iGln-rWNT0nMGa73e4ABypDipEHeHSCmgfTPzXiLhtta0dV7SVMRZaHH63TLSg9sOyh3bbZY0t3WZstwVedAur3Ph5-Vw_w4q9vqtObKxgNGPJpNWg_cB9IhAYBUhobeBCApYNsFnrdCZ6JGzHqIrzqF4fwDhgTfI:1sONfw:GhU24CWGpAXS0YMp8TNkYN4AGDm2wtKHX4t0VhrOpHo	2024-07-15 20:31:00.263767+00
q46rvfevx0xr8kbbd3yjpvmrwb0jp96b	.eJxVjDsOwjAQBe_iGln-rWNT0nMGa73e4ABypDipEHeHSCmgfTPzXiLhtta0dV7SVMRZaHH63TLSg9sOyh3bbZY0t3WZstwVedAur3Ph5-Vw_w4q9vqtObKxgNGPJpNWg_cB9IhAYBUhobeBCApYNsFnrdCZ6JGzHqIrzqF4fwDhgTfI:1sONjx:K8L8qkvL08keRmvaBqYVOqx2Dycek6dKnPijHM2DcAA	2024-07-15 20:35:09.83195+00
x03irqtdni0lekib91kyh5bkvzumc4ag	.eJxVjDsOwjAQBe_iGln-rWNT0nMGa73e4ABypDipEHeHSCmgfTPzXiLhtta0dV7SVMRZaHH63TLSg9sOyh3bbZY0t3WZstwVedAur3Ph5-Vw_w4q9vqtObKxgNGPJpNWg_cB9IhAYBUhobeBCApYNsFnrdCZ6JGzHqIrzqF4fwDhgTfI:1sONt3:va1cZzirYK1IruByIlfgBzuKaqCxgnHv8CMGs20wonk	2024-07-15 20:44:33.189676+00
w0998jfzcrm57pfhwn54z8a7o85cbnvm	.eJxVjDsOwjAQBe_iGln-rWNT0nMGa73e4ABypDipEHeHSCmgfTPzXiLhtta0dV7SVMRZaHH63TLSg9sOyh3bbZY0t3WZstwVedAur3Ph5-Vw_w4q9vqtObKxgNGPJpNWg_cB9IhAYBUhobeBCApYNsFnrdCZ6JGzHqIrzqF4fwDhgTfI:1sONuN:NuwrycQkiIHNJj9-A38MQ-ZLk0mmvCY2jFfDzstzpPk	2024-07-15 20:45:55.116845+00
kjgm6651e95thqp98xljwg3d2mgq138o	.eJxVjDsOwjAQBe_iGln-rWNT0nMGa73e4ABypDipEHeHSCmgfTPzXiLhtta0dV7SVMRZaHH63TLSg9sOyh3bbZY0t3WZstwVedAur3Ph5-Vw_w4q9vqtObKxgNGPJpNWg_cB9IhAYBUhobeBCApYNsFnrdCZ6JGzHqIrzqF4fwDhgTfI:1sOhXA:AelLzOBlWkgX9xKrukfUwGyo0c4ifzLYAo8UuL6GjXA	2024-07-16 17:43:16.328804+00
58p37b9yhb9kp9199zkphss5000b7jgd	.eJxVjDsOwjAQBe_iGln-rWNT0nMGa73e4ABypDipEHeHSCmgfTPzXiLhtta0dV7SVMRZaHH63TLSg9sOyh3bbZY0t3WZstwVedAur3Ph5-Vw_w4q9vqtObKxgNGPJpNWg_cB9IhAYBUhobeBCApYNsFnrdCZ6JGzHqIrzqF4fwDhgTfI:1sOhac:so-sXHuLpgX94Hl0wYv88XD1EFHHFwFADBx5DaBU1Qk	2024-07-16 17:46:50.949283+00
e5xnle3fv7c4gks0rmpxn8jr8vh7esfz	.eJxVjDsOwjAQBe_iGln-rWNT0nMGa73e4ABypDipEHeHSCmgfTPzXiLhtta0dV7SVMRZaHH63TLSg9sOyh3bbZY0t3WZstwVedAur3Ph5-Vw_w4q9vqtObKxgNGPJpNWg_cB9IhAYBUhobeBCApYNsFnrdCZ6JGzHqIrzqF4fwDhgTfI:1sQsor:0cE_L1EwlNecMdvIrMiwPB1R1kqr1i7XXjnskLqFqyo	2024-07-22 18:10:33.132983+00
zkv2jb8fslrocvockts5yri07epx02vp	.eJxVjDsOwjAQBe_iGln-rWNT0nMGa73e4ABypDipEHeHSCmgfTPzXiLhtta0dV7SVMRZaHH63TLSg9sOyh3bbZY0t3WZstwVedAur3Ph5-Vw_w4q9vqtObKxgNGPJpNWg_cB9IhAYBUhobeBCApYNsFnrdCZ6JGzHqIrzqF4fwDhgTfI:1sQtf6:Dz5ND0LDe8HQBoIc6ribgzgbLkO8tzjG2-TOve8ELOU	2024-07-22 19:04:32.986869+00
iptsw69ridu9fwk56050einujau5h3yy	.eJxVjDsOwjAQBe_iGln-rWNT0nMGa73e4ABypDipEHeHSCmgfTPzXiLhtta0dV7SVMRZaHH63TLSg9sOyh3bbZY0t3WZstwVedAur3Ph5-Vw_w4q9vqtObKxgNGPJpNWg_cB9IhAYBUhobeBCApYNsFnrdCZ6JGzHqIrzqF4fwDhgTfI:1sQtfq:sLYf7XrC6sUTXGs-DEGHHw_ueieWi457gAxrLnKGBHg	2024-07-22 19:05:18.168042+00
g1597x2ym89b5mmgruktc98n8h8zdnqf	.eJxVjDsOwyAQBe9CHSH-gpTpcwa0u0BwEmHJ2JWVuwdLLpL2zczbWYRtrXHreYlTYlem2OV3Q6BXbgdIT2iPmdPc1mVCfij8pJ3f55Tft9P9O6jQ66gNpSEbAlGEUUHaIJwgXZS0Bb1zyqPTA0qtSUtAK7PQwmcVCgIWYp8v4mo4CA:1sQtgJ:u7zZ54CJT_xpXaYfVungiXnR1dPkJEPsPSW1e_7sVCE	2024-07-22 19:05:47.158778+00
aqciwwe0gl2h0px7xfvldtw8yg37o1dx	.eJxVjDsOwjAQBe_iGln-rWNT0nMGa73e4ABypDipEHeHSCmgfTPzXiLhtta0dV7SVMRZaHH63TLSg9sOyh3bbZY0t3WZstwVedAur3Ph5-Vw_w4q9vqtObKxgNGPJpNWg_cB9IhAYBUhobeBCApYNsFnrdCZ6JGzHqIrzqF4fwDhgTfI:1sRCkv:xLXRgewV3oasPTx0Mw_2OVFGxQg-K2rWJCezBPc-43Y	2024-07-23 15:27:49.273389+00
8m5wybmc3hfig9bl5f09uym5ztxvfbgb	.eJxVjDsOwyAQBe9CHSH-gpTpcwa0u0BwEmHJ2JWVuwdLLpL2zczbWYRtrXHreYlTYlem2OV3Q6BXbgdIT2iPmdPc1mVCfij8pJ3f55Tft9P9O6jQ66gNpSEbAlGEUUHaIJwgXZS0Bb1zyqPTA0qtSUtAK7PQwmcVCgIWYp8v4mo4CA:1sRGlE:WYI81Fh3tigKv45ZeISwDerumhVXueC0Iyfmb3C3RMg	2024-07-23 19:44:24.047552+00
5bjvyjb6gc9762cxc53aac66gqpw7lt7	.eJxVjDsOwyAQBe9CHSH-gpTpcwa0u0BwEmHJ2JWVuwdLLpL2zczbWYRtrXHreYlTYlem2OV3Q6BXbgdIT2iPmdPc1mVCfij8pJ3f55Tft9P9O6jQ66gNpSEbAlGEUUHaIJwgXZS0Bb1zyqPTA0qtSUtAK7PQwmcVCgIWYp8v4mo4CA:1sRWVN:mqzU3LbzmLImaWXlmONy3FYpQ4OlaTpgtssSsanJti8	2024-07-24 12:33:05.840891+00
kyxp0krbx89anls19yg25qy8w3nfc0cf	.eJxVjDsOwyAQBe9CHSH-gpTpcwa0u0BwEmHJ2JWVuwdLLpL2zczbWYRtrXHreYlTYlem2OV3Q6BXbgdIT2iPmdPc1mVCfij8pJ3f55Tft9P9O6jQ66gNpSEbAlGEUUHaIJwgXZS0Bb1zyqPTA0qtSUtAK7PQwmcVCgIWYp8v4mo4CA:1sRXcQ:jYhK6LWiSP_P1KFGr8Of7Sp9xWe68BxKBq63h2r5uJQ	2024-07-24 13:44:26.903781+00
5rwmjz1v9ghuh2jcsmeg50qd1jhnxe6i	.eJxVjDsOwyAQBe9CHSH-gpTpcwa0u0BwEmHJ2JWVuwdLLpL2zczbWYRtrXHreYlTYlem2OV3Q6BXbgdIT2iPmdPc1mVCfij8pJ3f55Tft9P9O6jQ66gNpSEbAlGEUUHaIJwgXZS0Bb1zyqPTA0qtSUtAK7PQwmcVCgIWYp8v4mo4CA:1sRZGT:yneDafELjCt7ToKl3EMKjZiI7EZlI4_vBSuVHYPUb3A	2024-07-24 15:29:53.972946+00
jpyfghm9nlzyexsbrrmpeljbp8yy8do5	.eJxVjDsOwjAQBe_iGln-rWNT0nMGa73e4ABypDipEHeHSCmgfTPzXiLhtta0dV7SVMRZaHH63TLSg9sOyh3bbZY0t3WZstwVedAur3Ph5-Vw_w4q9vqtObKxgNGPJpNWg_cB9IhAYBUhobeBCApYNsFnrdCZ6JGzHqIrzqF4fwDhgTfI:1sRuXs:jPVt5zQwj0okh6Aa1wXMWiQfbQom9gjpCRAptXWzZXM	2024-07-25 14:13:16.183368+00
hq1bf4v58scf8zbsm76v7y3jmr6td3es	.eJxVjDsOwyAQBe9CHSH-gpTpcwa0u0BwEmHJ2JWVuwdLLpL2zczbWYRtrXHreYlTYlem2OV3Q6BXbgdIT2iPmdPc1mVCfij8pJ3f55Tft9P9O6jQ66gNpSEbAlGEUUHaIJwgXZS0Bb1zyqPTA0qtSUtAK7PQwmcVCgIWYp8v4mo4CA:1sRuYT:1VEa8ZJQ5DirYTg_aS2C9doIowI-OA_yRBVJnTXfg0A	2024-07-25 14:13:53.385771+00
q6kooj2mguvvqcempeisq6ce92zi88r6	.eJxVjDsOwyAQBe9CHSH-gpTpcwa0u0BwEmHJ2JWVuwdLLpL2zczbWYRtrXHreYlTYlem2OV3Q6BXbgdIT2iPmdPc1mVCfij8pJ3f55Tft9P9O6jQ66gNpSEbAlGEUUHaIJwgXZS0Bb1zyqPTA0qtSUtAK7PQwmcVCgIWYp8v4mo4CA:1sSGnc:Mib2uXcz4X7faD5yixW8dEwb0xM7z2uEutlO6hCYgEE	2024-07-26 13:59:00.981154+00
qwycigwkedlzv51q78q2bcc3xaonpwlj	.eJxVjDsOwyAQBe9CHSH-gpTpcwa0u0BwEmHJ2JWVuwdLLpL2zczbWYRtrXHreYlTYlem2OV3Q6BXbgdIT2iPmdPc1mVCfij8pJ3f55Tft9P9O6jQ66gNpSEbAlGEUUHaIJwgXZS0Bb1zyqPTA0qtSUtAK7PQwmcVCgIWYp8v4mo4CA:1sSIzs:caHT1qpt95LUYgy8RW3RONPD7XpahAmgkAJ2W4yfIuo	2024-07-26 16:19:48.61524+00
e753u2te4kfo5imauv4wrdvuy47vvy49	.eJxVjDsOwyAQBe9CHSH-gpTpcwa0u0BwEmHJ2JWVuwdLLpL2zczbWYRtrXHreYlTYlem2OV3Q6BXbgdIT2iPmdPc1mVCfij8pJ3f55Tft9P9O6jQ66gNpSEbAlGEUUHaIJwgXZS0Bb1zyqPTA0qtSUtAK7PQwmcVCgIWYp8v4mo4CA:1sSKsQ:hL1okJzPS5gjXJ24Wmg7BoQrGbSYZbxm4ZR7Rn8EGHg	2024-07-26 18:20:14.032714+00
ye9n6ob3wwug4rex8naon0vh089203k1	.eJxVjDsOwyAQBe9CHSH-gpTpcwa0u0BwEmHJ2JWVuwdLLpL2zczbWYRtrXHreYlTYlem2OV3Q6BXbgdIT2iPmdPc1mVCfij8pJ3f55Tft9P9O6jQ66gNpSEbAlGEUUHaIJwgXZS0Bb1zyqPTA0qtSUtAK7PQwmcVCgIWYp8v4mo4CA:1sTSWL:Zzq9XUPclrXKAnqmwFMBvV4ZO3Cdfw2Ei4oS450M29Q	2024-07-29 20:42:05.617697+00
rexibtedjqsbe568g3mk1d9xxx5jjvlq	.eJxVjDsOwyAQBe9CHSH-gpTpcwa0u0BwEmHJ2JWVuwdLLpL2zczbWYRtrXHreYlTYlem2OV3Q6BXbgdIT2iPmdPc1mVCfij8pJ3f55Tft9P9O6jQ66gNpSEbAlGEUUHaIJwgXZS0Bb1zyqPTA0qtSUtAK7PQwmcVCgIWYp8v4mo4CA:1sTjT2:Z0ko6NI-cWJK81YmQP2GSieWJ1QYhwx8z1b3CCkZBko	2024-07-30 14:47:48.568027+00
6jkzhj1jlysy4001lle587b57kfvxxze	.eJxVjDsOwyAQBe9CHSH-gpTpcwa0u0BwEmHJ2JWVuwdLLpL2zczbWYRtrXHreYlTYlem2OV3Q6BXbgdIT2iPmdPc1mVCfij8pJ3f55Tft9P9O6jQ66gNpSEbAlGEUUHaIJwgXZS0Bb1zyqPTA0qtSUtAK7PQwmcVCgIWYp8v4mo4CA:1sWy0g:iL_apK0OSiXBeb-1L5SnSvKh3wgD80VW5fqhor7t5s8	2024-08-08 12:55:54.812636+00
m1kmaf1dy5e5fxwr9hbkf7asnlpae139	.eJxVjDsOwyAQBe9CHSH-gpTpcwa0u0BwEmHJ2JWVuwdLLpL2zczbWYRtrXHreYlTYlem2OV3Q6BXbgdIT2iPmdPc1mVCfij8pJ3f55Tft9P9O6jQ66gNpSEbAlGEUUHaIJwgXZS0Bb1zyqPTA0qtSUtAK7PQwmcVCgIWYp8v4mo4CA:1sTkTQ:l9e-YvtiarGPgi6XzL0wJHNq8pi8VHSFxNtNxxJGzu4	2024-07-30 15:52:16.967175+00
k9wybc3ehs2gcbhd689yxbixg9pqglpd	.eJxVjDsOwyAQBe9CHSH-gpTpcwa0u0BwEmHJ2JWVuwdLLpL2zczbWYRtrXHreYlTYlem2OV3Q6BXbgdIT2iPmdPc1mVCfij8pJ3f55Tft9P9O6jQ66gNpSEbAlGEUUHaIJwgXZS0Bb1zyqPTA0qtSUtAK7PQwmcVCgIWYp8v4mo4CA:1sTmZ7:qtLAqJPBt-lmuQJgMW8GfGmPc_OUDYyaZlB8tw6WhGQ	2024-07-30 18:06:17.234915+00
a88v052s5ifrmu1h4cxf7jd4ig0mv082	.eJxVjDsOwyAQBe9CHSH-gpTpcwa0u0BwEmHJ2JWVuwdLLpL2zczbWYRtrXHreYlTYlem2OV3Q6BXbgdIT2iPmdPc1mVCfij8pJ3f55Tft9P9O6jQ66gNpSEbAlGEUUHaIJwgXZS0Bb1zyqPTA0qtSUtAK7PQwmcVCgIWYp8v4mo4CA:1sTnVc:5Glx1yHvCcUtPrky7kymdKRFUAEbA5i3z6cXXYCe0r4	2024-07-30 19:06:44.25507+00
prz9ejlah1px39a4zur6d9kfcb3sh91p	.eJxVjDsOwyAQBe9CHSH-gpTpcwa0u0BwEmHJ2JWVuwdLLpL2zczbWYRtrXHreYlTYlem2OV3Q6BXbgdIT2iPmdPc1mVCfij8pJ3f55Tft9P9O6jQ66gNpSEbAlGEUUHaIJwgXZS0Bb1zyqPTA0qtSUtAK7PQwmcVCgIWYp8v4mo4CA:1sTnpf:dNcYNpTQocrp9konBzaqmqkUygh87C3XQz5vsO9c9GI	2024-07-30 19:27:27.193533+00
esghkh9c9rgwjjn99e9iodpk61cna3l2	.eJxVjDsOwyAQBe9CHSH-gpTpcwa0u0BwEmHJ2JWVuwdLLpL2zczbWYRtrXHreYlTYlem2OV3Q6BXbgdIT2iPmdPc1mVCfij8pJ3f55Tft9P9O6jQ66gNpSEbAlGEUUHaIJwgXZS0Bb1zyqPTA0qtSUtAK7PQwmcVCgIWYp8v4mo4CA:1sTo1M:wsGbmaUGsS6MpTTecQa5mCsilj03N79iQB_sXThGez4	2024-07-30 19:39:32.689449+00
r2gc37kmc0m8k01o845kms0hhr1ronig	.eJxVjDsOwyAQBe9CHSH-gpTpcwa0u0BwEmHJ2JWVuwdLLpL2zczbWYRtrXHreYlTYlem2OV3Q6BXbgdIT2iPmdPc1mVCfij8pJ3f55Tft9P9O6jQ66gNpSEbAlGEUUHaIJwgXZS0Bb1zyqPTA0qtSUtAK7PQwmcVCgIWYp8v4mo4CA:1sTp6I:vtfHYH3UloPUIPpzUs6orBBHRSbQ0yguQoY7a8nOppk	2024-07-30 20:48:42.550177+00
ijqw9gddsifhedg139hlftoen8j90c0q	.eJxVjDsOwyAQBe9CHSH-gpTpcwa0u0BwEmHJ2JWVuwdLLpL2zczbWYRtrXHreYlTYlem2OV3Q6BXbgdIT2iPmdPc1mVCfij8pJ3f55Tft9P9O6jQ66gNpSEbAlGEUUHaIJwgXZS0Bb1zyqPTA0qtSUtAK7PQwmcVCgIWYp8v4mo4CA:1sTq3E:juT26MNxoLVqc0X0GZksDEvNAdo1ZKN3h5710PxWYAA	2024-07-30 21:49:36.713114+00
hubegio410yg8cfdg14lb8vavu0mio6k	.eJxVjDsOwyAQBe9CHSH-gpTpcwa0u0BwEmHJ2JWVuwdLLpL2zczbWYRtrXHreYlTYlem2OV3Q6BXbgdIT2iPmdPc1mVCfij8pJ3f55Tft9P9O6jQ66gNpSEbAlGEUUHaIJwgXZS0Bb1zyqPTA0qtSUtAK7PQwmcVCgIWYp8v4mo4CA:1sU3oy:Yn1eSv1dH-KjIRw5QEpgmQYz405MjYeWlnXiEiQ7xSI	2024-07-31 12:31:48.029219+00
winmanyhtotdbtk4zdpiheiqj39o82y0	.eJxVjDsOwyAQBe9CHSH-gpTpcwa0u0BwEmHJ2JWVuwdLLpL2zczbWYRtrXHreYlTYlem2OV3Q6BXbgdIT2iPmdPc1mVCfij8pJ3f55Tft9P9O6jQ66gNpSEbAlGEUUHaIJwgXZS0Bb1zyqPTA0qtSUtAK7PQwmcVCgIWYp8v4mo4CA:1sU9Rl:b16G2i8Yblumyw_dVXjWyz-g0sumIdNjpl15jdhk4GA	2024-07-31 18:32:13.88007+00
3dvvi35vkjbdzi3x2rxg9l1tc581v5t2	.eJxVjDsOwyAQBe9CHSH-gpTpcwa0u0BwEmHJ2JWVuwdLLpL2zczbWYRtrXHreYlTYlem2OV3Q6BXbgdIT2iPmdPc1mVCfij8pJ3f55Tft9P9O6jQ66gNpSEbAlGEUUHaIJwgXZS0Bb1zyqPTA0qtSUtAK7PQwmcVCgIWYp8v4mo4CA:1sURrT:b3W95FYDMmnNPk11RVOxPkkn-A4E-GtA2bLI8haL2zM	2024-08-01 14:11:59.915268+00
6lxssatm3eggd0g6w3a08vqj4ivow664	.eJxVjDsOwyAQBe9CHSH-gpTpcwa0u0BwEmHJ2JWVuwdLLpL2zczbWYRtrXHreYlTYlem2OV3Q6BXbgdIT2iPmdPc1mVCfij8pJ3f55Tft9P9O6jQ66gNpSEbAlGEUUHaIJwgXZS0Bb1zyqPTA0qtSUtAK7PQwmcVCgIWYp8v4mo4CA:1sUSSr:DZ_3sg2o8dpW_g-e7OUWqc0d7xIAsNNGDFrLQhkIIGw	2024-08-01 14:50:37.334148+00
opidqm2wg0xd2pcdiwekdv0qkct8u98n	.eJxVjDsOwyAQBe9CHSH-gpTpcwa0u0BwEmHJ2JWVuwdLLpL2zczbWYRtrXHreYlTYlem2OV3Q6BXbgdIT2iPmdPc1mVCfij8pJ3f55Tft9P9O6jQ66gNpSEbAlGEUUHaIJwgXZS0Bb1zyqPTA0qtSUtAK7PQwmcVCgIWYp8v4mo4CA:1sUT3M:UC-YNKHIBLC_02lgfhrd46IcEyC7hr0PReqoxrn2tg0	2024-08-01 15:28:20.12059+00
vopk7qiozloa6k1rc18y8o69iumwtcjp	.eJxVjDsOwyAQBe9CHSH-gpTpcwa0u0BwEmHJ2JWVuwdLLpL2zczbWYRtrXHreYlTYlem2OV3Q6BXbgdIT2iPmdPc1mVCfij8pJ3f55Tft9P9O6jQ66gNpSEbAlGEUUHaIJwgXZS0Bb1zyqPTA0qtSUtAK7PQwmcVCgIWYp8v4mo4CA:1sUT64:-7M7MrRyO8w-iDyWv3B9DiLZhRGnFrHkbZo7Z0Knmcs	2024-08-01 15:31:08.022891+00
zepb8ei6hcql5mjd9ur2jz19gtpvnea0	.eJxVjDsOwyAQBe9CHSH-gpTpcwa0u0BwEmHJ2JWVuwdLLpL2zczbWYRtrXHreYlTYlem2OV3Q6BXbgdIT2iPmdPc1mVCfij8pJ3f55Tft9P9O6jQ66gNpSEbAlGEUUHaIJwgXZS0Bb1zyqPTA0qtSUtAK7PQwmcVCgIWYp8v4mo4CA:1sUT8M:6i80s3Ir8sMFAg0NLKBbhH3inIshoFEZB9p98VWdbA0	2024-08-01 15:33:30.245382+00
cswsw6fr4lbw0ozst4cu7gmj0mtogb46	.eJxVjDsOwyAQBe9CHSH-gpTpcwa0u0BwEmHJ2JWVuwdLLpL2zczbWYRtrXHreYlTYlem2OV3Q6BXbgdIT2iPmdPc1mVCfij8pJ3f55Tft9P9O6jQ66gNpSEbAlGEUUHaIJwgXZS0Bb1zyqPTA0qtSUtAK7PQwmcVCgIWYp8v4mo4CA:1sUTGQ:slKkIetnupZqPqrwv0qwzX1gd-RGLxOO2NLtehGbTTs	2024-08-01 15:41:50.693485+00
revt9ekti9jauepngv9re2kt0k3riw1s	.eJxVjDsOwyAQBe9CHSH-gpTpcwa0u0BwEmHJ2JWVuwdLLpL2zczbWYRtrXHreYlTYlem2OV3Q6BXbgdIT2iPmdPc1mVCfij8pJ3f55Tft9P9O6jQ66gNpSEbAlGEUUHaIJwgXZS0Bb1zyqPTA0qtSUtAK7PQwmcVCgIWYp8v4mo4CA:1sUTMP:oDTz3R4jGJymCYtrW78Nl3c1ZqdTMsBIO9oA6IqNpew	2024-08-01 15:48:01.487384+00
9ps0narsgsjaerk0x8ruizt9j180ybhx	.eJxVjDsOwyAQBe9CHSH-gpTpcwa0u0BwEmHJ2JWVuwdLLpL2zczbWYRtrXHreYlTYlem2OV3Q6BXbgdIT2iPmdPc1mVCfij8pJ3f55Tft9P9O6jQ66gNpSEbAlGEUUHaIJwgXZS0Bb1zyqPTA0qtSUtAK7PQwmcVCgIWYp8v4mo4CA:1sUVAE:tOCTlMJCt6QAyisxrmaFaK8gNcmbym1RKuK0MnkEwZI	2024-08-01 17:43:34.254586+00
8qy2et1cd0lzy8e9g2o8mz1wkapzbovv	.eJxVjDsOwyAQBe9CHSH-gpTpcwa0u0BwEmHJ2JWVuwdLLpL2zczbWYRtrXHreYlTYlem2OV3Q6BXbgdIT2iPmdPc1mVCfij8pJ3f55Tft9P9O6jQ66gNpSEbAlGEUUHaIJwgXZS0Bb1zyqPTA0qtSUtAK7PQwmcVCgIWYp8v4mo4CA:1sUWFs:4ATv13k1l8FKo3m22wl_sVv6EntNLannJhrKel6EWeo	2024-08-01 18:53:28.148198+00
tp73pxgux7n7sty1337sr1v04puaahog	.eJxVjDsOwyAQBe9CHSH-gpTpcwa0u0BwEmHJ2JWVuwdLLpL2zczbWYRtrXHreYlTYlem2OV3Q6BXbgdIT2iPmdPc1mVCfij8pJ3f55Tft9P9O6jQ66gNpSEbAlGEUUHaIJwgXZS0Bb1zyqPTA0qtSUtAK7PQwmcVCgIWYp8v4mo4CA:1sVuYF:LjpfJv3QmtQvNa-08Gu9q8i7PazpAlfQX8q3feroXF4	2024-08-05 15:02:11.83242+00
h2yr2095st8wnjtzn82auv55m3fpg525	.eJxVjDsOwyAQBe9CHSH-gpTpcwa0u0BwEmHJ2JWVuwdLLpL2zczbWYRtrXHreYlTYlem2OV3Q6BXbgdIT2iPmdPc1mVCfij8pJ3f55Tft9P9O6jQ66gNpSEbAlGEUUHaIJwgXZS0Bb1zyqPTA0qtSUtAK7PQwmcVCgIWYp8v4mo4CA:1sVwHI:Rgw3gqe-OtcqwtXDHAFzXEXuRTQYF0To7Hz1eux8ZAY	2024-08-05 16:52:48.795792+00
nik2ctifjftziswunhntkqwa96i3t6ub	.eJxVjDsOwyAQBe9CHSH-gpTpcwa0u0BwEmHJ2JWVuwdLLpL2zczbWYRtrXHreYlTYlem2OV3Q6BXbgdIT2iPmdPc1mVCfij8pJ3f55Tft9P9O6jQ66gNpSEbAlGEUUHaIJwgXZS0Bb1zyqPTA0qtSUtAK7PQwmcVCgIWYp8v4mo4CA:1sVwKc:JYhHaaCuSrcbH13yTWpOmcJLm_gMoPewEIsFGSsEBOg	2024-08-05 16:56:14.055019+00
fdv2w9y6v8cd4mw78f03gczqt0yxul98	.eJxVjDsOwyAQBe9CHSH-gpTpcwa0u0BwEmHJ2JWVuwdLLpL2zczbWYRtrXHreYlTYlem2OV3Q6BXbgdIT2iPmdPc1mVCfij8pJ3f55Tft9P9O6jQ66gNpSEbAlGEUUHaIJwgXZS0Bb1zyqPTA0qtSUtAK7PQwmcVCgIWYp8v4mo4CA:1sVyTz:BHtwUNlS_gIJqFHxKer_i6fIa6vEByOFKHCVIMb5jOg	2024-08-05 19:14:03.953679+00
dmg3i0l8ss26ajvpkzqjzaigz7483kxf	.eJxVjDsOwyAQBe9CHSH-gpTpcwa0u0BwEmHJ2JWVuwdLLpL2zczbWYRtrXHreYlTYlem2OV3Q6BXbgdIT2iPmdPc1mVCfij8pJ3f55Tft9P9O6jQ66gNpSEbAlGEUUHaIJwgXZS0Bb1zyqPTA0qtSUtAK7PQwmcVCgIWYp8v4mo4CA:1sVzdG:kB6aCysuqPZh7T5Zb__W0dYeRzosEgj5pDan3zZDdT4	2024-08-05 20:27:42.280582+00
shit16k0esw2592dcj62aqr8io7k5h95	.eJxVjDsOwyAQBe9CHSH-gpTpcwa0u0BwEmHJ2JWVuwdLLpL2zczbWYRtrXHreYlTYlem2OV3Q6BXbgdIT2iPmdPc1mVCfij8pJ3f55Tft9P9O6jQ66gNpSEbAlGEUUHaIJwgXZS0Bb1zyqPTA0qtSUtAK7PQwmcVCgIWYp8v4mo4CA:1sW0hQ:itqe-FmgxT7PA82xVvPnkv6lJfzEU2TA5RMX7i7_z28	2024-08-05 21:36:04.368061+00
b0n9cadlnyz9kwszz3uax2770z73yan2	.eJxVjDsOwyAQBe9CHSH-gpTpcwa0u0BwEmHJ2JWVuwdLLpL2zczbWYRtrXHreYlTYlem2OV3Q6BXbgdIT2iPmdPc1mVCfij8pJ3f55Tft9P9O6jQ66gNpSEbAlGEUUHaIJwgXZS0Bb1zyqPTA0qtSUtAK7PQwmcVCgIWYp8v4mo4CA:1sW1hR:JRyuP4ADQXje9bnpSoOwNLtdHtvo8o8_1W29L3YlEc8	2024-08-05 22:40:09.287396+00
yn3a1pferdn5830tdi84bio5vxdxvm3m	.eJxVjDsOwyAQBe9CHSH-gpTpcwa0u0BwEmHJ2JWVuwdLLpL2zczbWYRtrXHreYlTYlem2OV3Q6BXbgdIT2iPmdPc1mVCfij8pJ3f55Tft9P9O6jQ66gNpSEbAlGEUUHaIJwgXZS0Bb1zyqPTA0qtSUtAK7PQwmcVCgIWYp8v4mo4CA:1sWKcT:NNbFnzNJvkB_2Y8NJhqhT-ISoRbhcWLqgIXvWLh_K4c	2024-08-06 18:52:17.799855+00
nvrokqtcpelvtrnh8b2okdxqkh2nyn6j	.eJxVjDsOwyAQBe9CHSH-gpTpcwa0u0BwEmHJ2JWVuwdLLpL2zczbWYRtrXHreYlTYlem2OV3Q6BXbgdIT2iPmdPc1mVCfij8pJ3f55Tft9P9O6jQ66gNpSEbAlGEUUHaIJwgXZS0Bb1zyqPTA0qtSUtAK7PQwmcVCgIWYp8v4mo4CA:1sX3dX:ba9XH8d5grJddlnNJTX7ImGJcBEDdtFpLGOB5m4DwII	2024-08-08 18:56:23.151848+00
4m076kc0v9l69jw8jj4dhd63qk4z6ih9	.eJxVjDsOwyAQBe9CHSH-gpTpcwa0u0BwEmHJ2JWVuwdLLpL2zczbWYRtrXHreYlTYlem2OV3Q6BXbgdIT2iPmdPc1mVCfij8pJ3f55Tft9P9O6jQ66gNpSEbAlGEUUHaIJwgXZS0Bb1zyqPTA0qtSUtAK7PQwmcVCgIWYp8v4mo4CA:1sWKpl:KjYrovvkSp-a58RWG0P4yPxOQTfaQF4p2gqdDhsD6Lg	2024-08-06 19:06:01.441717+00
mvh2c30smiv82guwu0ckjke64j79snpx	.eJxVjDsOwyAQBe9CHSH-gpTpcwa0u0BwEmHJ2JWVuwdLLpL2zczbWYRtrXHreYlTYlem2OV3Q6BXbgdIT2iPmdPc1mVCfij8pJ3f55Tft9P9O6jQ66gNpSEbAlGEUUHaIJwgXZS0Bb1zyqPTA0qtSUtAK7PQwmcVCgIWYp8v4mo4CA:1sX4fu:SlUpe7yjtKv0ExWTYHUFkUhORnpaayxqodWSOM7XA84	2024-08-08 20:02:54.301099+00
0s8jg4v1z6m4s1b2g7n1gqs3qnon7uho	.eJxVjDsOwyAQBe9CHSH-gpTpcwa0u0BwEmHJ2JWVuwdLLpL2zczbWYRtrXHreYlTYlem2OV3Q6BXbgdIT2iPmdPc1mVCfij8pJ3f55Tft9P9O6jQ66gNpSEbAlGEUUHaIJwgXZS0Bb1zyqPTA0qtSUtAK7PQwmcVCgIWYp8v4mo4CA:1sWLkC:ApKbHxxY-9ZE_flfmEx4sNCa-KYHDjf8fudbs3TT8NI	2024-08-06 20:04:20.678323+00
6lfwhaa16gzux664khv56i1050blqi68	.eJxVjDsOwjAQBe_iGln-rWNT0nMGa73e4ABypDipEHeHSCmgfTPzXiLhtta0dV7SVMRZaHH63TLSg9sOyh3bbZY0t3WZstwVedAur3Ph5-Vw_w4q9vqtObKxgNGPJpNWg_cB9IhAYBUhobeBCApYNsFnrdCZ6JGzHqIrzqF4fwDhgTfI:1sX5yg:XpSaUNamyhCoXURDslOL-cbsDlh53oT0Ms_xsmPul1w	2024-08-08 21:26:22.250875+00
mnchftm5rwhz2oy99s1b734fm2g7ytzg	.eJxVjDsOwyAQBe9CHSH-gpTpcwa0u0BwEmHJ2JWVuwdLLpL2zczbWYRtrXHreYlTYlem2OV3Q6BXbgdIT2iPmdPc1mVCfij8pJ3f55Tft9P9O6jQ66gNpSEbAlGEUUHaIJwgXZS0Bb1zyqPTA0qtSUtAK7PQwmcVCgIWYp8v4mo4CA:1sX630:c3oxNoAkJ_oocZak_9DjSp_cB2a6SawSUL6fIyik2mE	2024-08-08 21:30:50.694635+00
9byv9crj52k4dw5oz326c1yj90140bf3	.eJxVjDsOwyAQBe9CHSH-gpTpcwa0u0BwEmHJ2JWVuwdLLpL2zczbWYRtrXHreYlTYlem2OV3Q6BXbgdIT2iPmdPc1mVCfij8pJ3f55Tft9P9O6jQ66gNpSEbAlGEUUHaIJwgXZS0Bb1zyqPTA0qtSUtAK7PQwmcVCgIWYp8v4mo4CA:1sWdim:sVHsaQJVZULpnc6hDI92bJChDx3IGA8phWEhnnwqmDw	2024-08-07 15:16:04.44513+00
t32jete5s2tsme0zqinwfs0nghkir5hw	.eJxVjDsOwyAQBe9CHSH-gpTpcwa0u0BwEmHJ2JWVuwdLLpL2zczbWYRtrXHreYlTYlem2OV3Q6BXbgdIT2iPmdPc1mVCfij8pJ3f55Tft9P9O6jQ66gNpSEbAlGEUUHaIJwgXZS0Bb1zyqPTA0qtSUtAK7PQwmcVCgIWYp8v4mo4CA:1sXLEp:e_eSWpSg2vuckz4gsaGfULogKNjnrC3x8p1VbVm-spE	2024-08-09 13:44:03.608004+00
ziux0jc503kju9axs16vqht99ab0lf0k	.eJxVjDsOwyAQBe9CHSH-gpTpcwa0u0BwEmHJ2JWVuwdLLpL2zczbWYRtrXHreYlTYlem2OV3Q6BXbgdIT2iPmdPc1mVCfij8pJ3f55Tft9P9O6jQ66gNpSEbAlGEUUHaIJwgXZS0Bb1zyqPTA0qtSUtAK7PQwmcVCgIWYp8v4mo4CA:1sWgQH:vKCS9TyE89A0qvnyGNwSLAOJfeY8EuXJXUcD2fJwQ-A	2024-08-07 18:09:09.891114+00
tmo5clev9v7hycui9hf3jo8cooecgc8n	.eJxVjDsOwyAQBe9CHSH-gpTpcwa0u0BwEmHJ2JWVuwdLLpL2zczbWYRtrXHreYlTYlem2OV3Q6BXbgdIT2iPmdPc1mVCfij8pJ3f55Tft9P9O6jQ66gNpSEbAlGEUUHaIJwgXZS0Bb1zyqPTA0qtSUtAK7PQwmcVCgIWYp8v4mo4CA:1sXNZT:15gAI5YvQI0kp-M2OZyTloRe5hXOqIrxoahsXdz5IGo	2024-08-09 16:13:31.023657+00
dywbz2b774d1qnt288ewh3bna5586q5x	.eJxVjDsOwyAQBe9CHSH-gpTpcwa0u0BwEmHJ2JWVuwdLLpL2zczbWYRtrXHreYlTYlem2OV3Q6BXbgdIT2iPmdPc1mVCfij8pJ3f55Tft9P9O6jQ66gNpSEbAlGEUUHaIJwgXZS0Bb1zyqPTA0qtSUtAK7PQwmcVCgIWYp8v4mo4CA:1sWhMj:Q3fB8Sh88PUSxUqPlm1tXpZlNrJSu52vYP9_mOsDbis	2024-08-07 19:09:33.425647+00
5wkk7ghe458026a2ad1a9ekgc1ghuupl	.eJxVjDsOwyAQBe9CHSH-gpTpcwa0u0BwEmHJ2JWVuwdLLpL2zczbWYRtrXHreYlTYlem2OV3Q6BXbgdIT2iPmdPc1mVCfij8pJ3f55Tft9P9O6jQ66gNpSEbAlGEUUHaIJwgXZS0Bb1zyqPTA0qtSUtAK7PQwmcVCgIWYp8v4mo4CA:1sXO7R:HDr0g1Ve4xgsaLLbSlzgASYO1iX3729sIuAJfdOYCsg	2024-08-09 16:48:37.713828+00
iek1fkmlwx64grni6o7uokqvhfrl2yhc	.eJxVjDsOwyAQBe9CHSH-gpTpcwa0u0BwEmHJ2JWVuwdLLpL2zczbWYRtrXHreYlTYlem2OV3Q6BXbgdIT2iPmdPc1mVCfij8pJ3f55Tft9P9O6jQ66gNpSEbAlGEUUHaIJwgXZS0Bb1zyqPTA0qtSUtAK7PQwmcVCgIWYp8v4mo4CA:1sWhzQ:xk_IxqpwUaECDUQUPBbSL8ok1nNgLBOKLB4wp8gt2kY	2024-08-07 19:49:32.221769+00
knc0q2pf7pkjlmxmefo9cukpt6qpiyc3	.eJxVjDsOwyAQBe9CHSH-gpTpcwa0u0BwEmHJ2JWVuwdLLpL2zczbWYRtrXHreYlTYlem2OV3Q6BXbgdIT2iPmdPc1mVCfij8pJ3f55Tft9P9O6jQ66gNpSEbAlGEUUHaIJwgXZS0Bb1zyqPTA0qtSUtAK7PQwmcVCgIWYp8v4mo4CA:1sYQT2:92jgs52Ui7zwVvt5weRdrvHC6kvc1nLlr0iUdg0lFbs	2024-08-12 13:31:12.55814+00
y8otpscpposesd5g6vi0x1mht9dxf7rj	.eJxVjDsOwyAQBe9CHSH-gpTpcwa0u0BwEmHJ2JWVuwdLLpL2zczbWYRtrXHreYlTYlem2OV3Q6BXbgdIT2iPmdPc1mVCfij8pJ3f55Tft9P9O6jQ66gNpSEbAlGEUUHaIJwgXZS0Bb1zyqPTA0qtSUtAK7PQwmcVCgIWYp8v4mo4CA:1sYRVi:8ASepyxU5YIdwcTGp-iHcLjBncXy_s_91jDj7ZNCAWs	2024-08-12 14:38:02.625687+00
hn630pwfmhfqokssfgrcjvodo4zmoaq5	.eJxVjDsOwyAQBe9CHSH-gpTpcwa0u0BwEmHJ2JWVuwdLLpL2zczbWYRtrXHreYlTYlem2OV3Q6BXbgdIT2iPmdPc1mVCfij8pJ3f55Tft9P9O6jQ66gNpSEbAlGEUUHaIJwgXZS0Bb1zyqPTA0qtSUtAK7PQwmcVCgIWYp8v4mo4CA:1sYSTy:CvnBhwpL0a7ulm7gaAB3ePGdYivmsIjQ17mXqezosfs	2024-08-12 15:40:18.113159+00
p0ca7v6u9wglyur3zr2n4b422t2vdns6	.eJxVjDsOwyAQBe9CHSH-gpTpcwa0u0BwEmHJ2JWVuwdLLpL2zczbWYRtrXHreYlTYlem2OV3Q6BXbgdIT2iPmdPc1mVCfij8pJ3f55Tft9P9O6jQ66gNpSEbAlGEUUHaIJwgXZS0Bb1zyqPTA0qtSUtAK7PQwmcVCgIWYp8v4mo4CA:1sYTUc:zkPxDRt6xS3lTsFyZKmnWiPdYfLSe2nojBkADbXGrEE	2024-08-12 16:45:02.316422+00
jyv3mumzq2guyx0xjtdo7m0et3729e4n	.eJxVjDsOwyAQBe9CHSH-gpTpcwa0u0BwEmHJ2JWVuwdLLpL2zczbWYRtrXHreYlTYlem2OV3Q6BXbgdIT2iPmdPc1mVCfij8pJ3f55Tft9P9O6jQ66gNpSEbAlGEUUHaIJwgXZS0Bb1zyqPTA0qtSUtAK7PQwmcVCgIWYp8v4mo4CA:1sYUrJ:8ZA1e6fDOkb0lyPAiXYlY070mbxYrkDgzvsw4Goqiwg	2024-08-12 18:12:33.754784+00
yxuyx63s9dms5i7jopm7npo3rzwosbrf	.eJxVjDsOwyAQBe9CHSH-gpTpcwa0u0BwEmHJ2JWVuwdLLpL2zczbWYRtrXHreYlTYlem2OV3Q6BXbgdIT2iPmdPc1mVCfij8pJ3f55Tft9P9O6jQ66gNpSEbAlGEUUHaIJwgXZS0Bb1zyqPTA0qtSUtAK7PQwmcVCgIWYp8v4mo4CA:1sYV6C:n2a0s7eE3TlOzqkkfzudxzRp42ITS-Sc58ZPCHu81kE	2024-08-12 18:27:56.397409+00
n2ubbje8rlala0o78z1wk398658einqr	.eJxVjDsOwyAQBe9CHSH-gpTpcwa0u0BwEmHJ2JWVuwdLLpL2zczbWYRtrXHreYlTYlem2OV3Q6BXbgdIT2iPmdPc1mVCfij8pJ3f55Tft9P9O6jQ66gNpSEbAlGEUUHaIJwgXZS0Bb1zyqPTA0qtSUtAK7PQwmcVCgIWYp8v4mo4CA:1sYW5m:7ypQRG42sg4OtX_HT4GZlblHAH2-D8U5BHNuW6rdOnI	2024-08-12 19:31:34.073318+00
hwlkgi9g3lerfvb1yu2188vo6z4wwc4x	.eJxVjDsOwyAQBe9CHSH-gpTpcwa0u0BwEmHJ2JWVuwdLLpL2zczbWYRtrXHreYlTYlem2OV3Q6BXbgdIT2iPmdPc1mVCfij8pJ3f55Tft9P9O6jQ66gNpSEbAlGEUUHaIJwgXZS0Bb1zyqPTA0qtSUtAK7PQwmcVCgIWYp8v4mo4CA:1sYXsL:4czRSBLVdJnbNCn6p4j07tK76daVaQMWfqriGXld-1w	2024-08-12 21:25:49.526573+00
2s6998vqemnc5a9czuedg5acu60ruv3c	.eJxVjDsOwyAQBe9CHSH-gpTpcwa0u0BwEmHJ2JWVuwdLLpL2zczbWYRtrXHreYlTYlem2OV3Q6BXbgdIT2iPmdPc1mVCfij8pJ3f55Tft9P9O6jQ66gNpSEbAlGEUUHaIJwgXZS0Bb1zyqPTA0qtSUtAK7PQwmcVCgIWYp8v4mo4CA:1sZE3A:AVRVd6CefTli57FySs6tY9yMFbdGzIA584WiWozDh5o	2024-08-14 18:27:48.198718+00
ifs5vpykp0ou9c8jzy0vnyknlczxdk8a	.eJxVjDsOwyAQBe9CHSH-gpTpcwa0u0BwEmHJ2JWVuwdLLpL2zczbWYRtrXHreYlTYlem2OV3Q6BXbgdIT2iPmdPc1mVCfij8pJ3f55Tft9P9O6jQ66gNpSEbAlGEUUHaIJwgXZS0Bb1zyqPTA0qtSUtAK7PQwmcVCgIWYp8v4mo4CA:1saz3c:B91OaOd63yCXUC4-4nkW8B1tt0Q_BH_cK-VQw0nafdc	2024-08-19 14:51:32.941656+00
9hptqahnqqbldv22xqowch0msd2ncpoh	.eJxVjDsOwyAQBe9CHSH-gpTpcwa0u0BwEmHJ2JWVuwdLLpL2zczbWYRtrXHreYlTYlem2OV3Q6BXbgdIT2iPmdPc1mVCfij8pJ3f55Tft9P9O6jQ66gNpSEbAlGEUUHaIJwgXZS0Bb1zyqPTA0qtSUtAK7PQwmcVCgIWYp8v4mo4CA:1sZF0a:KJP3cxvKvq2Eur3Ka5ce8mtB4vdv5W-jeIj0A9RJpEk	2024-08-14 19:29:12.486261+00
n01trt3s1oi8rz7fshk8h6t8onbgln09	.eJxVjDsOwjAQBe_iGln-rWNT0nMGa73e4ABypDipEHeHSCmgfTPzXiLhtta0dV7SVMRZaHH63TLSg9sOyh3bbZY0t3WZstwVedAur3Ph5-Vw_w4q9vqtObKxgNGPJpNWg_cB9IhAYBUhobeBCApYNsFnrdCZ6JGzHqIrzqF4fwDhgTfI:1sZFTU:8sCzoKtYaGK-k612GljZlDUTWPmpyzzRz3SDn1R1a68	2024-08-14 19:59:04.51811+00
k4b1l00608o4hseumskkgjf4yorjhyj9	.eJxVjDsOwyAQBe9CHSH-gpTpcwa0u0BwEmHJ2JWVuwdLLpL2zczbWYRtrXHreYlTYlem2OV3Q6BXbgdIT2iPmdPc1mVCfij8pJ3f55Tft9P9O6jQ66gNpSEbAlGEUUHaIJwgXZS0Bb1zyqPTA0qtSUtAK7PQwmcVCgIWYp8v4mo4CA:1say7g:JZ5cDeuNhVm8GgzSH5IW0_IeVutW-HSL8wvCBLKAzDk	2024-08-19 13:51:40.418269+00
n4nj0lrc6ryqqffh3vjciuhe15hccj9l	.eJxVjDsOwyAQBe9CHSH-gpTpcwa0u0BwEmHJ2JWVuwdLLpL2zczbWYRtrXHreYlTYlem2OV3Q6BXbgdIT2iPmdPc1mVCfij8pJ3f55Tft9P9O6jQ66gNpSEbAlGEUUHaIJwgXZS0Bb1zyqPTA0qtSUtAK7PQwmcVCgIWYp8v4mo4CA:1saz0f:PEMPdgUO68x_ouUjCtN4SmsMehc3ARXB8-aRNR0K33w	2024-08-19 14:48:29.936024+00
e3eqnihsc3w4lftpw0klb8jv57gp0xnm	.eJxVjDsOwyAQBe9CHSH-gpTpcwa0u0BwEmHJ2JWVuwdLLpL2zczbWYRtrXHreYlTYlem2OV3Q6BXbgdIT2iPmdPc1mVCfij8pJ3f55Tft9P9O6jQ66gNpSEbAlGEUUHaIJwgXZS0Bb1zyqPTA0qtSUtAK7PQwmcVCgIWYp8v4mo4CA:1sb03l:YObgSmkd6uXovsdrMQ8VFLGEVgi7295I28Ib4FOUu0I	2024-08-19 15:55:45.067016+00
h3hnw64kja2wwwkjj5jc2m3iefahp9e2	.eJxVjDsOwyAQBe9CHSH-gpTpcwa0u0BwEmHJ2JWVuwdLLpL2zczbWYRtrXHreYlTYlem2OV3Q6BXbgdIT2iPmdPc1mVCfij8pJ3f55Tft9P9O6jQ66gNpSEbAlGEUUHaIJwgXZS0Bb1zyqPTA0qtSUtAK7PQwmcVCgIWYp8v4mo4CA:1sb03s:6bGAcuY311O8H1uZ_8BkN8lqR830dEbpYiXe7XjLd3U	2024-08-19 15:55:52.664446+00
xskuuhh39os2jzeua4km6fkeetyp1ppd	.eJxVjDsOwyAQBe9CHSH-gpTpcwa0u0BwEmHJ2JWVuwdLLpL2zczbWYRtrXHreYlTYlem2OV3Q6BXbgdIT2iPmdPc1mVCfij8pJ3f55Tft9P9O6jQ66gNpSEbAlGEUUHaIJwgXZS0Bb1zyqPTA0qtSUtAK7PQwmcVCgIWYp8v4mo4CA:1sb03w:9JGceegvwA7cUV_OmnrRlOopXZ7jCpXLeyGZh6BmNrI	2024-08-19 15:55:56.958486+00
t46yl664he286tom95wp20hv37o9kjz5	.eJxVjDsOwyAQBe9CHSH-gpTpcwa0u0BwEmHJ2JWVuwdLLpL2zczbWYRtrXHreYlTYlem2OV3Q6BXbgdIT2iPmdPc1mVCfij8pJ3f55Tft9P9O6jQ66gNpSEbAlGEUUHaIJwgXZS0Bb1zyqPTA0qtSUtAK7PQwmcVCgIWYp8v4mo4CA:1sb2TS:VRUQCm8RrrVIk2RJeg8Nk4qld_lCgvZ5FcSe1IpZILw	2024-08-19 18:30:26.452945+00
s4x3n3fgaanlv85u92mhl2sjstmbps8c	.eJxVjDsOwyAQBe9CHSH-gpTpcwa0u0BwEmHJ2JWVuwdLLpL2zczbWYRtrXHreYlTYlem2OV3Q6BXbgdIT2iPmdPc1mVCfij8pJ3f55Tft9P9O6jQ66gNpSEbAlGEUUHaIJwgXZS0Bb1zyqPTA0qtSUtAK7PQwmcVCgIWYp8v4mo4CA:1sb2tu:CI6CQ5wFIiM1HUuONh5PVFVh9NcolZIQC7qtBDMhbq0	2024-08-19 18:57:46.358617+00
orwxy71sqmm6oeg3cuiollwko47hh1y1	.eJxVjDsOwyAQBe9CHSH-gpTpcwa0u0BwEmHJ2JWVuwdLLpL2zczbWYRtrXHreYlTYlem2OV3Q6BXbgdIT2iPmdPc1mVCfij8pJ3f55Tft9P9O6jQ66gNpSEbAlGEUUHaIJwgXZS0Bb1zyqPTA0qtSUtAK7PQwmcVCgIWYp8v4mo4CA:1sb39R:2Phpp54AsSc5lGmkdqhIKew7rvg2LR0X1fuICe7ZCt8	2024-08-19 19:13:49.904817+00
q0kp7asnmp4h4bv4yv78q4i46atx2r49	.eJxVjDsOwjAQBe_iGln-rWNT0nMGa73e4ABypDipEHeHSCmgfTPzXiLhtta0dV7SVMRZaHH63TLSg9sOyh3bbZY0t3WZstwVedAur3Ph5-Vw_w4q9vqtObKxgNGPJpNWg_cB9IhAYBUhobeBCApYNsFnrdCZ6JGzHqIrzqF4fwDhgTfI:1sb3Ml:8k_q_JtH59srPxFPCRit0FHxr9F8m_rq4UAYJk_MKhQ	2024-08-19 19:27:35.911856+00
bgecqg3b3y81qbstvm5k11v3w7ej1xwt	.eJxVjDsOwyAQBe9CHSH-gpTpcwa0u0BwEmHJ2JWVuwdLLpL2zczbWYRtrXHreYlTYlem2OV3Q6BXbgdIT2iPmdPc1mVCfij8pJ3f55Tft9P9O6jQ66gNpSEbAlGEUUHaIJwgXZS0Bb1zyqPTA0qtSUtAK7PQwmcVCgIWYp8v4mo4CA:1sb4J3:ccI3TlNcVVy98PEdE2zc_646NK57j3Ts07-T0G9TBL0	2024-08-19 20:27:49.97008+00
ighh0ujpdt06uilrh6uozdv4wzofgym6	.eJxVjDsOwjAQBe_iGln-rWNT0nMGa73e4ABypDipEHeHSCmgfTPzXiLhtta0dV7SVMRZaHH63TLSg9sOyh3bbZY0t3WZstwVedAur3Ph5-Vw_w4q9vqtObKxgNGPJpNWg_cB9IhAYBUhobeBCApYNsFnrdCZ6JGzHqIrzqF4fwDhgTfI:1sb4KY:Uq0ILneRDa5Z6JRxirtCDyM32qK0aE5nwI7usw7k7Ko	2024-08-19 20:29:22.800721+00
5cnezoj9pcgwn9zlzhztc6dafjzj51hh	.eJxVjDsOwjAQBe_iGln-rWNT0nMGa73e4ABypDipEHeHSCmgfTPzXiLhtta0dV7SVMRZaHH63TLSg9sOyh3bbZY0t3WZstwVedAur3Ph5-Vw_w4q9vqtObKxgNGPJpNWg_cB9IhAYBUhobeBCApYNsFnrdCZ6JGzHqIrzqF4fwDhgTfI:1sb59d:3gSPlwxNDfrr3nnKbXC1tNd---8fCeAgwyE-1V5Qf3M	2024-08-19 21:22:09.782912+00
7t5jgranlk6akzp8qdzcgi0wrk0cdh7u	.eJxVjDsOwyAQBe9CHSH-gpTpcwa0u0BwEmHJ2JWVuwdLLpL2zczbWYRtrXHreYlTYlem2OV3Q6BXbgdIT2iPmdPc1mVCfij8pJ3f55Tft9P9O6jQ66gNpSEbAlGEUUHaIJwgXZS0Bb1zyqPTA0qtSUtAK7PQwmcVCgIWYp8v4mo4CA:1sbOVm:zKKC7plocUzcgSQUHF1SOD2GmAq5ZTnnIf7IuhuFwl0	2024-08-20 18:02:18.354175+00
ay8p4ge3c4myq13gg69ft1ew2z13ulh6	.eJxVjDsOwjAQBe_iGln-rWNT0nMGa73e4ABypDipEHeHSCmgfTPzXiLhtta0dV7SVMRZaHH63TLSg9sOyh3bbZY0t3WZstwVedAur3Ph5-Vw_w4q9vqtObKxgNGPJpNWg_cB9IhAYBUhobeBCApYNsFnrdCZ6JGzHqIrzqF4fwDhgTfI:1sbPXG:eprdzjBOI4GhoxCxgQWpuBIvgzd1-1lTLu1qNgtcLcg	2024-08-20 19:07:54.504602+00
591p5d5dwkfi1u73ah4gf11ur1vdb19p	.eJxVjEEOwiAQRe_C2hARhgwu3XsGMjOAVA1NSrtqvLsh6UK3_733dxVpW2vcel7ilNRVWXX63ZjkldsA6UntMWuZ27pMrIeiD9r1fU75fTvcv4NKvY46WQe-hCAlABKAFwQomN3ZiWP0TGwLZRMMBr7YhGKNE2_AILMN6vMF5483vg:1sbPYi:FydYu8OIjmp-a7pwBsnytZ8ROTJFMr1oi96atUQ5LJU	2024-08-20 19:09:24.515833+00
vvyb89exuynlda3p1l7j45lbc3ail5nm	.eJxVjDsOwyAQBe9CHaGFBQMp0_sMaPk4OIlAMnYV5e6xJRdJ-2bmvZmnbS1-63nxc2JXptjldwsUn7keID2o3huPra7LHPih8JN2PraUX7fT_Tso1Mtey6CliohOEICRBizJOGlE1MqIgWwEkBY1qWCEECAHhU47C7hrYQL2-QKYVjXP:1sbPi3:28UogukLl4DE-Hm2_39yMJEOfkejXluvQQ0cmPRS7pU	2024-08-20 19:19:03.972029+00
8f35igetwg1wvbgpay5yc1erl0a36fiz	.eJxVjEsOAiEQBe_C2hA-gQaX7j0DaaCRUQPJMLMy3l1JZqHbV1XvxQLuWw37oDUsmZ2ZYaffLWJ6UJsg37HdOk-9besS-VT4QQe_9kzPy-H-HVQcddYktFUlU4wCvSnkrDYAmrwo3ohipHI-yWjBSVXoq0gPAFYah0kCsvcH5hg3Yg:1sbPsJ:VJewpjkhW0rO-8AzujybJUmjx_DQxAn6MzpAJ5RhH14	2024-08-20 19:29:39.09885+00
tbq2i6yokw1d7h05ryy2dim3zxdavi6z	.eJxVjDsOwjAQBe_iGlm21-sPJT1nsNY_HECOFCcV4u4QKQW0b2beiwXa1ha2UZYwZXZmlp1-t0jpUfoO8p36beZp7usyRb4r_KCDX-dcnpfD_TtoNNq3Fjoa7Q2mCE4IKlVFtJoQSaFCLwiEsyCdiNnJYlFVSEBQXTVJel_Y-wO_1TcT:1sbQ5M:4MI6yugQYNrRLStZYZl5TLnIvtRu3kGGCNLkJHMNFzs	2024-08-20 19:43:08.492169+00
px5j5e0iqu6ccc72shmlhvtimrypxmag	.eJxVjDsOwyAQBe9CHSH-gpTpcwa0u0BwEmHJ2JWVuwdLLpL2zczbWYRtrXHreYlTYlem2OV3Q6BXbgdIT2iPmdPc1mVCfij8pJ3f55Tft9P9O6jQ66gNpSEbAlGEUUHaIJwgXZS0Bb1zyqPTA0qtSUtAK7PQwmcVCgIWYp8v4mo4CA:1sbQZY:IbZLsfiol59TT-TE6ZXZ9loU9bBH-lZeg24whBsamBA	2024-08-20 20:14:20.876145+00
in3rwp37mrmrrsvqk684brwf6p1wpgw2	.eJxVjDsOwjAQBe_iGlk28ZeSPmewdr0bHEC2FCcV4u4QKQW0b2beSyTY1pK2zkuaSVxEEKffDSE_uO6A7lBvTeZW12VGuSvyoF2Ojfh5Pdy_gwK9fOsYSAGCtuwMa3bWZCYeHFoHpDMQ2Byiic5PPOgJh7P2Hr0ykBFBkXh_AAlDOOo:1sbRbr:27Re6VvxYdhWEUw3O_HJvo8BTtodM8K967AzyusMJQE	2024-08-20 21:20:47.382497+00
t1baylxsq6xk2f7nb1ogf14geszacj0z	.eJxVjDsOwjAQBe_iGln-rWNT0nMGa73e4ABypDipEHeHSCmgfTPzXiLhtta0dV7SVMRZaHH63TLSg9sOyh3bbZY0t3WZstwVedAur3Ph5-Vw_w4q9vqtObKxgNGPJpNWg_cB9IhAYBUhobeBCApYNsFnrdCZ6JGzHqIrzqF4fwDhgTfI:1sbRe3:ap-F2bTe9WJd02k0Yww7wFIk5wIRIY0M6pqqmvTeSOI	2024-08-20 21:23:03.80853+00
65xyteqd77nteix20fokwv1zwxe5n72i	.eJxVjDsOwjAQBe_iGln2xr9Q0nMGy-tdkwCypTipEHeHSCmgfTPzXiKmbZ3i1nmJM4mz0EqcfkdM-cF1J3RP9dZkbnVdZpS7Ig_a5bURPy-H-3cwpT59awtuRMUK2IxYwAWwhgIDMIwDJeeglGy9JkvKk8IyDDZgCSZrVQC9eH8A9C431A:1sbRfF:b7aWvbpOmrLb8PJTXNtOxKTlpi1W-TkqCPfyCT2dhKI	2024-08-20 21:24:17.366372+00
\.


--
-- Data for Name: tarot_rest_card; Type: TABLE DATA; Schema: public; Owner: tarot_user
--

COPY public.tarot_rest_card (id, name, image_url, description, is_negative, deck_id) FROM stdin;
29	The Hanged Man	https://biddytarot.com/wp-content/uploads/2018/02/12-hanged-man-345x480.png	The Hanged Man shows a man suspended from a T-shaped cross made of living wood. He is hanging upside-down, viewing the world from a completely different perspective, and his facial expression is calm and serene, suggesting that he is in this hanging position by his own choice. He has a halo around his head, symbolizing new insight, awareness and enlightenment. His right foot is bound to the tree, but his left foot remains free, bent at the knee and tucked in behind his right leg. His arms are bent, with hands held behind his back, forming an inverted triangle. The man is wearing red pants representing human passion and the physical body, and a blue vest for knowledge. The Hanged Man is the card of ultimate surrender, of being suspended in time and of martyrdom and sacrifice to the greater good.	f	1
25	Justice	https://biddytarot.com/wp-content/uploads/2018/02/11-justice-345x480.png	The figure of Justice sits in front of a loosely hung purple veil, signifying compassion, and between two pillars, similar to those framing The High Priestess and The Hierophant, which symbolize balance, law and structure.\r\n\r\nShe holds a sword in her right hand, showing the logical, well-ordered mindset necessary to dispense fair justice. The sword points upwards  expressing a firm and final decision  and the double-edged blade signifies that our actions always carry consequences. The scales in her left (intuitive) hand, show intuition must balance that logic and are a symbol of her impartiality. Justice wears a crown with a small square on it representing well-ordered thoughts, and a red robe with a green mantle. A little white shoe pops out from beneath her clothing as a reminder of the spiritual consequences of your actions.	f	1
35	Judgement	https://biddytarot.com/wp-content/uploads/2018/02/20-judgement-345x480.png	The Judgement card shows naked men, women, and children rising from their graves, arms outspread and looking up into the sky. Above, Archangel Gabriel  the Messenger of God  blows his trumpet. The people respond to his call, ready to be judged and to find out if they will be accepted into the heavens or not. In the background is an extensive mountain range, signifying the insurmountable obstacles and the impossibility of avoiding judgement.	f	1
32	The Tower	https://biddytarot.com/wp-content/uploads/2018/02/16-tower-345x480.png	The Tower shows a tall tower perched on the top of a rocky mountain. Lightning strikes set the building alight, and two people leap from the windows, head first and arms outstretched. It is a scene of chaos and destruction.\r\n\r\nThe Tower itself is a solid structure, but because it has been built on shaky foundations, it only takes one bolt of lightning to bring it down. It represents ambitions and goals made on false premises.\r\n\r\n\r\n\r\n\r\nThe lightning represents a sudden surge of energy and insight that leads to a break-through or revelation. It enters via the top of the building and knocks off the crown, symbolizing energy flowing down from the Universe, through the crown chakra. The people are desperate to escape from the burning building, not knowing what awaits them as they fall. Around them are 22 flames, representing the 12 signs of the zodiac and 10 points of the Tree of Life, suggesting that even in times of disaster, there is always divine intervention.	f	1
11	The Magician	https://biddytarot.com/wp-content/uploads/2018/02/01-magician-345x480.png	The Magician card is numbered One  the number of new beginnings and opportunities  and associates with the planet of Mercury. He stands with one arm stretched upwards towards the Universe, and the other pointing down to the earth. His positioning represents his connection between the spiritual realms and the material realms. The Magician uses this relationship to create and manifest his goals in the physical realm. He is the conduit that converts energy into matter. The Magicians robe is white, symbolising purity, and his cloak is red, representing worldly experience and knowledge.\r\n\r\nOn the table in front of him are the four symbols of the Tarot suits  a cup, pentacle, sword and wand  each symbolising one of the four elements  water, earth, air and fire. It is also a sign that he has all the tools (and elements) he needs to manifest his intentions into being. Above his head is the infinity symbol, and around his waist is a snake biting its own tail  both of which signal that he has access to unlimited potential. And in the foreground is an array of foliage and flowers, symbolising the blossoming and fruition of his ideas and aspirations.	f	1
12	The Fool	https://biddytarot.com/wp-content/uploads/2018/02/0-fool-345x480.png	The Fool is numbered 0  the number of unlimited potential  and so does not have a specific place in the sequence of the Tarot cards. The Fool can be placed either at the beginning of the Major Arcana or at the end. The Major Arcana is often considered The Fools journey through life and as such, he is ever present and therefore needs no number.\r\n\r\nOn The Fool Tarot card, a young man stands on the edge of a cliff, without a care in the world, as he sets out on a new adventure. He is gazing upwards toward the sky (and the Universe) and is seemingly unaware that he is about to skip off a precipice into the unknown. Over his shoulder rests a modest knapsack containing everything he needs  which isnt much (lets say hes a minimalist). The white rose in his left hand represents his purity and innocence. And at his feet is a small white dog, representing loyalty and protection, that encourages him to charge forward and learn the lessons he came to learn. The mountains behind The Fool symbolize the challenges yet to come. They are forever present, but The Fool doesnt care about them right now; hes more focused on starting his expedition.	f	1
19	The High Priestess	https://biddytarot.com/wp-content/uploads/2018/02/02-highpriestess-345x480.png	The High Priestess sits in front of a thin veil decorated with pomegranates. The veil represents the separate conscious and subconscious realms, the seen and the unseen, and serves to keep casual onlookers out. Only the initiated may enter. The pomegranates on the veil are a symbol of abundance, fertility and the divine feminine, and are sacred to Persephone who ate a pomegranate seed in the underworld and was forced to return every year.\r\n\r\nOn either side of The High Priestess stand two pillars, marking the entrance to this sacred, mystical temple (also associated with the Temple of Solomon). One pillar is black with the letter B (Boaz, meaning in his strength) and the other is white with the letter J (Jachin, meaning he will establish). The black and white colors of the pillars symbolize duality  masculine and feminine, darkness and light  stating that knowledge and acceptance of duality are required to enter this sacred space.\r\n\r\nThe High Priestess wears a blue robe with a cross on her chest and a horned diadem (or crown), both a symbol of her divine knowledge and her status as a divine ruler. In her lap, she holds a scroll with the letter TORA, signifying the Greater Law (according to A. E. Waite). It is partly covered, signifying that this sacred knowledge is both explicit and implicit, it will only be revealed when the student is ready to look beyond the material realm. The crescent moon at her feet symbolizes her connection with the divine feminine, her intuition and subconscious mind, and the natural cycles of the moon.	f	1
20	The Emporer	https://biddytarot.com/wp-content/uploads/2018/02/04-emperor-345x480.png	If The Empress is the Mother archetype of the Tarot deck, The Emperor is the Father. He sits upon a large stone throne, adorned with four rams heads (symbolic of his connection with Aries and the planet Mars). In his right hand, The Emperor holds an ankh, the Egyptian symbol of life, and in his left is an orb representing the world over which he rules.\r\n\r\nHe wears a red robe, indicative of his power, passion, and energy for life. Underneath it, he wears a suit of armor, suggesting that he is protected from any threat (and any emotional response or vulnerability). His long white beard is symbolic of his age-old wisdom and experience, and along with his gold crown, he is an authority figure who demands to be heard.\r\n\r\nBehind his throne looms a tall, impenetrable mountain range, signifying that he is backed by a solid foundation but resistant to making any changes unless he deems it necessary. Beneath the peaks flows a small river, giving some hope that despite his tough exterior, he is still an emotional being  it will just take a lot of digging and trust to open him up to his softer side.	f	1
21	The Empress	https://biddytarot.com/wp-content/uploads/2018/02/03-empress-345x480.png	The Empress is a beautiful, full-figured woman with blonde hair and a peaceful aura about her. On her head, she wears a crown of twelve stars, showing her connection with the mystical realm and the cycles of the natural world (the twelve months of the year and the twelve planets). Her robe is patterned with pomegranates, symbolic of fertility, and sits upon a luxurious array of cushions and flowing red velvet. One cushion features the symbol of Venus, the planet of love, creativity, fertility, beauty and grace  the essence of The Empress.\r\n\r\nA beautiful, lush forest and winding stream surround The Empress, signifying her connection with Mother Earth and life itself. She draws her sense of peace from the trees and the water and is rejuvenated by the energy of nature. In the foreground, golden wheat springs from the soil, reflecting abundance from a recent harvest.	f	1
22	The Hierophant	https://biddytarot.com/wp-content/uploads/2018/02/05-hierophant-345x480.png	The Hierophant is the masculine counterpart to The High Priestess. He is also known as the Pope or the Teacher in other Tarot decks and is ruled by Taurus.\r\n\r\nThe Hierophant is a religious figure sitting between two pillars of a sacred temple  though this temple differs from the one in which the High Priestess sits. He wears three robes  red, blue and white  and a three-tiered crown, both representing the three worlds over which he rules (the conscious, sub-conscious and super-conscious). In his left hand, he holds the Papal Cross, a triple sceptre that signifies his religious status. He raises his right hand in a religious blessing, with two fingers pointing towards Heaven and two towards Earth.\r\n\r\nBefore him kneel two followers. The Hierophants task is to pass down his spiritual wisdom and initiate the two into the church so they can take up their appointed roles. This imagery speaks to a shared group identity and a rite of passage to enter the next level. The crossed keys at The Hierophants feet represent the balance between the conscious and subconscious minds and the unlocking of mysteries, which only he can teach.	f	1
23	The Chariot	https://biddytarot.com/wp-content/uploads/2018/02/07-chariot-345x480.png	The Chariot Tarot card shows a brave warrior standing inside a chariot. He wears armor decorated with crescent moons (representing what is coming into being), a tunic with a square (the strength of will) and other alchemical symbols (spiritual transformation). The laurel and star crown signals victory, success and spiritual evolution. Although he appears to be driving the chariot, the charioteer holds no reins  just a wand like The Magicians  symbolizing that he controls through the strength of his will and mind.\r\n\r\nThe charioteer stands tall  theres no sitting down for this guy, as hes all about taking action and moving forward. Above his head is a canopy of six-pointed stars, suggesting his connection to the celestial world and the Divine will. In front of the vehicle sit a black and a white sphinx, representing duality, positive and negative and, at times, opposing forces. Note how the sphinxes are pulling in opposite directions, but the charioteer uses his willpower and sheer resolve to steer the chariot forward in the direction he wants.\r\n\r\nBehind the chariot flows a wide river, symbolic of the need to be in flow with the rhythm of life while also charging ahead toward your goals and intentions.	f	1
24	The Lovers	https://biddytarot.com/wp-content/uploads/2018/02/06-lovers-345x480.png	The Lovers card shows a naked man and woman standing beneath the angel, Raphael, whose name means God heals and represents both physical and emotional healing. The angel blesses the man and woman and reminds them of their union with the Divine.\r\n\r\nThe couple stands in a beautiful, fertile landscape, reminiscent of the Garden of Eden. Behind the woman stands a tall apple tree, with a snake winding its way up the trunk. The serpent and apple tree represent the temptation of sensual pleasures that may take ones focus away from the Divine. Behind the man is a tree of flames, which represent passion, the primary concern of the man. The twelve flames suggest the twelve zodiac signs, the symbol of time and eternity. The man looks to the woman, who watches the angel, showing the path of the conscious to the subconscious to the super-conscious, or from physical desire to emotional needs to spiritual concerns.\r\n\r\nThe volcanic mountain in the background is rather phallic and represents the eruption of passion that happens when man and woman meet in full frontal nudity.	f	1
26	The Hermit	https://biddytarot.com/wp-content/uploads/2018/02/09-hermit-345x480.png	The Hermit stands alone on the top of a mountain. The snow-capped range symbolizes his spiritual mastery, growth, and accomplishment. He has chosen this path of self-discovery and, as a result, has reached a heightened state of awareness.\r\n\r\nIn his right hand, he holds a lantern with a six-pointed star inside; it is the Seal of Solomon, a symbol of wisdom. As The Hermit walks his path, the lamp lights his way  but it only illuminates his next few steps rather than the full journey. He must step forward to see where to go next, knowing that not everything will be revealed at once. In his left hand, the side of the subconscious mind, The Hermit holds a long staff (a sign of his power and authority), which he uses to guide and balance him.	f	1
27	Wheel of Fortune	https://biddytarot.com/wp-content/uploads/2022/09/10-wheel-345x480.png	The Wheel of Fortune card shows a giant wheel, with three figures on the outer edges. Four Hebrew letters  YHVH (Yod Heh Vau Heh), the unpronounceable name of God  are inscribed on the wheels face. There are also the letters TORA, thought to be a version of the word Torah, meaning law, or TAROT, or even ROTA (Latin for wheel). The middle wheel has the alchemical symbols for mercury, sulphur, water and salt  the building blocks of life and the four elements  and represents formative power.\r\n\r\nOn the outer circle is a snake, the Egyptian god Typhon (the god of evil), descending on the left side. The snake also represents the life force plunging into the material world. On the right side rises the Anubis, the Egyptian God of the dead who welcomes souls to the underworld. And on top of the wheel sits the Sphinx, representing knowledge and strength.\r\n\r\nIn the corners of the Wheel of Fortune card are four winged creatures, each associated with the four fixed signs of the Zodiac: the angel is Aquarius, the eagle is Scorpio, the lion is Leo, and the bull is Taurus. Their wings signify stability amidst movement and change, and each holds the Torah, representing wisdom.	f	1
28	Strength	https://biddytarot.com/wp-content/uploads/2018/02/08-strength-345x480.png	In the Strength Tarot card, a woman gently strokes a lion on its forehead and jaw. Even though it is known for its ferociousness, the woman has tamed this wild beast with her calming, loving energy. The lion is a symbol of raw passions and desires, and in taming him, the woman shows that animal instinct and raw passion can be expressed in positive ways when inner strength and resilience are applied. She doesnt use force or coercion; she channels her inner strength to subdue and subtly control the lion.\r\n\r\nThe woman wears a white robe, showing her purity of spirit, and a belt and crown of flowers that represent the fullest, most beautiful expression of nature. Over her head is the symbol of infinity, representing her infinite potential and wisdom.	f	1
30	Temperance	https://biddytarot.com/wp-content/uploads/2012/06/14-temperance-345x480.jpg	The Temperance card shows a large, winged angel who is both masculine and feminine. She wears a light blue robe with a triangle enclosed in a square on the front, representing that humans (the triangle) are bound by the Earth and natural law (square). The angel balances between one foot on the rocks, expressing the need to stay grounded, and one foot in the water, showing the need to be in flow. She pours water between two cups, symbolic of the flow and alchemy of life.\r\n\r\nIn the background, there is a winding path up to a mountain range, reflecting the journey through life. Above the mountains hovers a golden crown encased in a glowing light, a symbol of taking the Higher path and staying true to ones life purpose and meaning.	f	1
31	Death	https://biddytarot.com/wp-content/uploads/2018/02/13-death-345x480.png	The Death card shows the Messenger of Death  a skeleton dressed in black armor, riding a white horse. The skeleton represents the part of the body which survives long after life has left it; the armor symbolizes invincibility and that death will come no matter what. Its dark color is that of mourning and the mysterious, while the horse is the color of purity and acts as a symbol of strength and power. Death carries a black flag decorated with a white, five-petal rose, reflecting beauty, purification, and immortality and the number five representing change. Together, these symbols reveal that death isnt just about life ending. Death is about endings and beginnings, birth and rebirth, change and transformation. There is beauty in death, and it is an inherent part of being alive.\r\n\r\nA royal figure appears to be dead on the ground, while a young woman, child and bishop plead with the skeletal figure to spare them. But, as we all know, death spares no one.\r\n\r\nIn the background, a boat floats down the river, akin to the mythological boats escorting the dead to the afterlife. On the horizon, the sun sets between two towers (which also appear in The Moon Tarot card), in a sense dying each night and being reborn every morning.	t	1
33	The Devil	https://biddytarot.com/wp-content/uploads/2012/06/15-devil-345x480.jpg	The Devil card shows Baphomet, or the Horned Goat of Mendes, a creature that is half man, half goat. Baphomet originally represented the balance between good and evil, male and female, and human and animal; however, more recently, this figure has been linked to the occult and has become a scapegoat for all things considered evil.\r\n\r\nThe Devil has the wings of a vampire bat, an animal that sucks the lifeblood out of its prey, symbolic of what happens when you give in to your raw desires. He has a hypnotic stare which magnetizes and entrances those who come near him, bringing them under his power. Above him is an inverted pentagram  a sign of the darker side of magic and occultism. He raises his right hand in the Vulcan Salute  a Jewish blessing, later made famous by the film series, Star Trek. In his left hand, he holds a lit torch.\r\n\r\nAt the foot of The Devil stand a man and a woman, both naked and chained to the podium on which The Devil sits. They appear to be held here against their will  but look closer, and you will notice that the chains around their necks are loose and could be easily removed. Each has small horns on their head, like the devils, a sign that they are becoming increasingly like him the longer they stay here. Both have tails, a further symbol of their animalistic tendencies and raw instincts, and the grapes and the fire on their respective tails signify pleasure and lust.	t	1
34	The Star	https://biddytarot.com/wp-content/uploads/2012/06/17-star-345x480.jpg	The Star card shows a naked woman kneeling at the edge of a small pool. She holds two containers of water: one in her left hand (the subconscious) and one in her right (the conscious). She pours the water out to nourish the earth and to continue the cycle of fertility, represented by the lush greenery around her. The other container pours the water onto dry land in five rivulets, representing the five senses.\r\n\r\nThe woman has one foot on the ground, representing her practical abilities and good common sense, and the other foot in the water, representing her intuition and inner resources and listening to her inner voice. She is naked, representing her vulnerability and purity under the vastness of the starry night sky. Behind her shines one large star, representing her core essences, and seven smaller stars, representing the chakras.	f	1
36	The Moon	https://biddytarot.com/wp-content/uploads/2018/02/18-moon-345x480.png	The Moon card shows a full moon in the nights sky, positioned between two large towers. The Moon is a symbol of intuition, dreams, and the unconscious. Its light is dim compared to the sun, and only slightly illuminates the path to higher consciousness winding between the two towers.\r\n\r\nIn the foreground is a small pool, representing the watery, subconscious mind. A small crayfish crawls out of the pool, symbolizing the early stages of consciousness unfolding. A dog and a wolf stand in the grassy field, howling at the moon, representing both the tamed and the wild aspects of our minds.	f	1
37	The Sun	https://biddytarot.com/wp-content/uploads/2018/02/19-sun-345x480.png	The Sun Tarot card radiates with optimism and positivity. A large, bright sun shines in the sky, representing the source of all life on Earth. Underneath, four sunflowers grow tall above a brick wall, representing the four suits of the Minor Arcana and the four elements.\r\n\r\nIn the foreground, a young, naked child is sitting on top of a calm white horse. The child represents the joy of being connected with your inner spirit, and his nakedness is a sign he has nothing to hide and has all the innocence and purity of childhood. The white horse is also a sign of purity and strength.	f	1
38	The World	https://biddytarot.com/wp-content/uploads/2018/02/21-world-345x480.png	The World card shows a naked woman wrapped in a purple cloth, dancing inside a large laurel wreath. She looks behind her to the past, while her body moves forward to the future. In her hands are two wands or batons, like the one The Magician holds. It is a symbol that what was manifested with The Magician has now come to completion with The World. The wreath is circular, symbolizing a continual cycle of successful completion and new beginnings because, as the woman steps through the wreath, she is completing one phase but beginning another one almost straight away.\r\n\r\nAround the wreath are four figures (a lion, bull, cherub and eagle), similar to those in the Wheel of Fortune. Both The World and the Wheel of Fortune speak to the cyclical nature of your life and your progression through its cycles. The four figures represent the four fixed signs of the ZodiacLeo, Taurus, Aquarius, and Scorpio. They are symbolic of the four elements, the four suits of Tarot, four compass points, four seasons, and the four corners of the Universe. They are here to guide you from one phase to the next, bringing balance and harmony to your journey.	f	1
\.


--
-- Data for Name: tarot_rest_deck; Type: TABLE DATA; Schema: public; Owner: tarot_user
--

COPY public.tarot_rest_deck (id, name, exclude_negative, user_id, img_url) FROM stdin;
1	Default Deck	t	1	https://biddytarot.com/wp-content/uploads/2018/02/19-sun-345x480.png
\.


--
-- Data for Name: tarot_rest_reading; Type: TABLE DATA; Schema: public; Owner: tarot_user
--

COPY public.tarot_rest_reading (id, time_stamp, reading, user_id, title) FROM stdin;
\.


--
-- Data for Name: tarot_rest_reading_cards; Type: TABLE DATA; Schema: public; Owner: tarot_user
--

COPY public.tarot_rest_reading_cards (id, reading_id, card_id) FROM stdin;
\.


--
-- Data for Name: token_blacklist_blacklistedtoken; Type: TABLE DATA; Schema: public; Owner: tarot_user
--

COPY public.token_blacklist_blacklistedtoken (id, blacklisted_at, token_id) FROM stdin;
1	2024-08-05 14:48:31.942051+00	1
2	2024-08-05 15:55:47.97081+00	3
3	2024-08-05 15:55:55.056075+00	4
4	2024-08-05 19:27:31.535858+00	8
5	2024-08-05 20:29:17.831924+00	10
6	2024-08-06 19:08:57.694392+00	15
7	2024-08-06 19:29:10.9355+00	19
8	2024-08-06 19:38:23.528931+00	21
9	2024-08-06 21:20:52.194227+00	27
\.


--
-- Data for Name: token_blacklist_outstandingtoken; Type: TABLE DATA; Schema: public; Owner: tarot_user
--

COPY public.token_blacklist_outstandingtoken (id, token, created_at, expires_at, user_id, jti) FROM stdin;
9	eyJhbGciOiJIUzI1NiIsInR5cCI6IkpXVCJ9.eyJ0b2tlbl90eXBlIjoicmVmcmVzaCIsImV4cCI6MTcyMjk3MjQ1NSwiaWF0IjoxNzIyODg2MDU1LCJqdGkiOiIyOTBmMWQ0MDJiNmI0OGZkYTA2MmIxY2IzYWQ0MWY1NCIsInVzZXJfaWQiOjF9.0tFdD24Bh_ACGi36EOdgp8LDRR7yqi4h05T25QR4NOE	2024-08-05 19:27:35.894416+00	2024-08-06 19:27:35+00	1	290f1d402b6b48fda062b1cb3ad41f54
11	eyJhbGciOiJIUzI1NiIsInR5cCI6IkpXVCJ9.eyJ0b2tlbl90eXBlIjoicmVmcmVzaCIsImV4cCI6MTcyMjk3NjE2MiwiaWF0IjoxNzIyODg5NzYyLCJqdGkiOiI5NGQ0NTlmZWU5ZDg0ODE2OTNjZTlkZjdmNGE0MDUzZCIsInVzZXJfaWQiOjF9.M-NQr2F8idLPZBisNER5dgF17Kd-m4JKenkLNpSFg28	2024-08-05 20:29:22.768022+00	2024-08-06 20:29:22+00	1	94d459fee9d8481693ce9df7f4a4053d
12	eyJhbGciOiJIUzI1NiIsInR5cCI6IkpXVCJ9.eyJ0b2tlbl90eXBlIjoicmVmcmVzaCIsImV4cCI6MTcyMjk3OTMyOSwiaWF0IjoxNzIyODkyOTI5LCJqdGkiOiI4ZjNjMzhkNzQwYWQ0ZmE2YmM2ZjAyZTgyYjNlYzU2YyIsInVzZXJfaWQiOjF9.sYHrW2orsUgTQWCUc1HAz1euBJMH2uh7gDJLfGKESK0	2024-08-05 21:22:09.761224+00	2024-08-06 21:22:09+00	1	8f3c38d740ad4fa6bc6f02e82b3ec56c
13	eyJhbGciOiJIUzI1NiIsInR5cCI6IkpXVCJ9.eyJ0b2tlbl90eXBlIjoicmVmcmVzaCIsImV4cCI6MTcyMjk3OTM3MywiaWF0IjoxNzIyODkyOTczLCJqdGkiOiJhNmZkYTcxOTI0MjQ0ZjdiYWNkYjQxM2QyM2Q3Mzg5YiIsInVzZXJfaWQiOjF9.N96VmxQnQxWh9yR_w6F-Fia_APbgf06RInoPm9eqg9w	2024-08-05 21:22:53.475256+00	2024-08-06 21:22:53+00	1	a6fda71924244f7bacdb413d23d7389b
15	eyJhbGciOiJIUzI1NiIsInR5cCI6IkpXVCJ9.eyJ0b2tlbl90eXBlIjoicmVmcmVzaCIsImV4cCI6MTcyMzA1NzY3NCwiaWF0IjoxNzIyOTcxMjc0LCJqdGkiOiJlMWMxMzUwZDNlNTA0YjM0YjZjZGJkZTQ1N2RjMzAxMCIsInVzZXJfaWQiOjF9.Hv3jGS3kuff0sWiuy3Ao29-hb17DDwyKTjfWWx_khSk	2024-08-06 19:07:54.484244+00	2024-08-07 19:07:54+00	1	e1c1350d3e504b34b6cdbde457dc3010
1	eyJhbGciOiJIUzI1NiIsInR5cCI6IkpXVCJ9.eyJ0b2tlbl90eXBlIjoicmVmcmVzaCIsImV4cCI6MTcyMjk1NTcwOSwiaWF0IjoxNzIyODY5MzA5LCJqdGkiOiIyZGY2MmY0ZTFmYWQ0MWRhOTY2NDFkMTY5OThiNzZlNSIsInVzZXJfaWQiOjJ9.9LBYS30ozA_rKYKuXCE2bYdh9M5riWyFpVZU6xILpfg	2024-08-05 14:48:29.928249+00	2024-08-06 14:48:29+00	\N	2df62f4e1fad41da96641d16998b76e5
2	eyJhbGciOiJIUzI1NiIsInR5cCI6IkpXVCJ9.eyJ0b2tlbl90eXBlIjoicmVmcmVzaCIsImV4cCI6MTcyMjk1NTg5MiwiaWF0IjoxNzIyODY5NDkyLCJqdGkiOiJhMzJiNGM3NDdmZjk0MWM0YTdjNWE0Y2QzNWIyNTBhOCIsInVzZXJfaWQiOjJ9.PGqjwtIcO-lL23dtwbYxHMsX7SXEW3bOLCYSy04fGCQ	2024-08-05 14:51:32.932645+00	2024-08-06 14:51:32+00	\N	a32b4c747ff941c4a7c5a4cd35b250a8
3	eyJhbGciOiJIUzI1NiIsInR5cCI6IkpXVCJ9.eyJ0b2tlbl90eXBlIjoicmVmcmVzaCIsImV4cCI6MTcyMjk1OTc0NSwiaWF0IjoxNzIyODczMzQ1LCJqdGkiOiJlZTc2MWI3Zjg2Nzg0Y2EwYjI1MjcyNzc5ODNmOTg0MyIsInVzZXJfaWQiOjJ9.iyz4FtTssV4l5a5a1XrPyTNIJTDrchITTTub4RvYPDg	2024-08-05 15:55:45.051812+00	2024-08-06 15:55:45+00	\N	ee761b7f86784ca0b2527277983f9843
4	eyJhbGciOiJIUzI1NiIsInR5cCI6IkpXVCJ9.eyJ0b2tlbl90eXBlIjoicmVmcmVzaCIsImV4cCI6MTcyMjk1OTc1MiwiaWF0IjoxNzIyODczMzUyLCJqdGkiOiI2NzdhOTQxOTMyOWM0ZDYxODYwNWNkNGRiMjM1M2JkMCIsInVzZXJfaWQiOjJ9.HPF3ZPDr-0XI7kOh388mOw_3Bng2p5ESE1ylCbs9Wf0	2024-08-05 15:55:52.659319+00	2024-08-06 15:55:52+00	\N	677a9419329c4d618605cd4db2353bd0
5	eyJhbGciOiJIUzI1NiIsInR5cCI6IkpXVCJ9.eyJ0b2tlbl90eXBlIjoicmVmcmVzaCIsImV4cCI6MTcyMjk1OTc1NiwiaWF0IjoxNzIyODczMzU2LCJqdGkiOiI5NzA5ZTZiZjBlODg0NDc0ODc1ZmMxMGMwNTBmMDdmNiIsInVzZXJfaWQiOjJ9.19OWoEmX-wQwYa3IJaKQYGpR226xC_vNYN9ju4SiC_M	2024-08-05 15:55:56.953923+00	2024-08-06 15:55:56+00	\N	9709e6bf0e884474875fc10c050f07f6
6	eyJhbGciOiJIUzI1NiIsInR5cCI6IkpXVCJ9.eyJ0b2tlbl90eXBlIjoicmVmcmVzaCIsImV4cCI6MTcyMjk2OTAyNiwiaWF0IjoxNzIyODgyNjI2LCJqdGkiOiI2MWVhYjYyZDg5NTI0NjdhYjZkYWE5ZWZiNGZlMWI1MiIsInVzZXJfaWQiOjJ9.W7KnzWlFraI3jQX1KyoPLhwoQDczhAnZzwew5L0R7b4	2024-08-05 18:30:26.439356+00	2024-08-06 18:30:26+00	\N	61eab62d8952467ab6daa9efb4fe1b52
7	eyJhbGciOiJIUzI1NiIsInR5cCI6IkpXVCJ9.eyJ0b2tlbl90eXBlIjoicmVmcmVzaCIsImV4cCI6MTcyMjk3MDY2NiwiaWF0IjoxNzIyODg0MjY2LCJqdGkiOiIxOTlmY2Q5ZTA5YzY0OTdkOGQyNDBlYzFhNzczOTBiOSIsInVzZXJfaWQiOjJ9.pslRKUnpi8IDd7UChRx55eIYRAyl0E_QAaa51YXcn2k	2024-08-05 18:57:46.347397+00	2024-08-06 18:57:46+00	\N	199fcd9e09c6497d8d240ec1a77390b9
8	eyJhbGciOiJIUzI1NiIsInR5cCI6IkpXVCJ9.eyJ0b2tlbl90eXBlIjoicmVmcmVzaCIsImV4cCI6MTcyMjk3MTYyOSwiaWF0IjoxNzIyODg1MjI5LCJqdGkiOiIwYmFmY2YxYWZkNDQ0OGVlODg3MmY5ZjBmNzMyN2ZmOSIsInVzZXJfaWQiOjJ9.7opd1IEnOF2SMeLEa86QfnIQX_yFstSxTiLWFMKu0wQ	2024-08-05 19:13:49.89448+00	2024-08-06 19:13:49+00	\N	0bafcf1afd4448ee8872f9f0f7327ff9
10	eyJhbGciOiJIUzI1NiIsInR5cCI6IkpXVCJ9.eyJ0b2tlbl90eXBlIjoicmVmcmVzaCIsImV4cCI6MTcyMjk3NjA2OSwiaWF0IjoxNzIyODg5NjY5LCJqdGkiOiJiYjYwMjY4NDYxYjU0Y2U0YjYxNjY2OGU5OWVmYTA0NSIsInVzZXJfaWQiOjJ9.W_DdIXx7iqbidVNJb2HTdSkGmY4_PMM5xEuGhsFkz8g	2024-08-05 20:27:49.938727+00	2024-08-06 20:27:49+00	\N	bb60268461b54ce4b616668e99efa045
14	eyJhbGciOiJIUzI1NiIsInR5cCI6IkpXVCJ9.eyJ0b2tlbl90eXBlIjoicmVmcmVzaCIsImV4cCI6MTcyMzA1MzczOCwiaWF0IjoxNzIyOTY3MzM4LCJqdGkiOiI2MjgxY2VlNjJkOGI0YmUwOWUyYzZmOWM4MTdlMWM3NyIsInVzZXJfaWQiOjJ9.BM8Qu7Q3XSbST-_HCEDiZzKMMCoZ5_A0jJCFwyQTJq8	2024-08-06 18:02:18.310932+00	2024-08-07 18:02:18+00	\N	6281cee62d8b4be09e2c6f9c817e1c77
16	eyJhbGciOiJIUzI1NiIsInR5cCI6IkpXVCJ9.eyJ0b2tlbl90eXBlIjoicmVmcmVzaCIsImV4cCI6MTcyMzA1Nzc1NywiaWF0IjoxNzIyOTcxMzU3LCJqdGkiOiIwZTRjMDMxYTZlMzA0MTEyOTdiMjdmYzRlZTYxNWJkZSIsInVzZXJfaWQiOjN9.NFL3O2ybvbteEaIBAwiztg4o7rI_D9duOe6lDZAqmyY	2024-08-06 19:09:17.175512+00	2024-08-07 19:09:17+00	\N	0e4c031a6e30411297b27fc4ee615bde
17	eyJhbGciOiJIUzI1NiIsInR5cCI6IkpXVCJ9.eyJ0b2tlbl90eXBlIjoicmVmcmVzaCIsImV4cCI6MTcyMzA1Nzc2NCwiaWF0IjoxNzIyOTcxMzY0LCJqdGkiOiJjM2Q2NDI4ZDRmMzI0YmI5YjEwMGEwMzYxYjI2MDcxYyIsInVzZXJfaWQiOjN9.KGXtyJHbcDjxMdm16rvJALq8qsXH30btNuakNEfScKU	2024-08-06 19:09:24.509612+00	2024-08-07 19:09:24+00	\N	c3d6428d4f324bb9b100a0361b26071c
18	eyJhbGciOiJIUzI1NiIsInR5cCI6IkpXVCJ9.eyJ0b2tlbl90eXBlIjoicmVmcmVzaCIsImV4cCI6MTcyMzA1ODMzNiwiaWF0IjoxNzIyOTcxOTM2LCJqdGkiOiJkZDVhNGM3NzBhNjI0N2ExYmRjMmQ4ZDI3ZmU0NmNkYyIsInVzZXJfaWQiOjR9.VHRU6Gom70fJN17OTKiwmBfGSgDF4D1kq0cCTzEvtsE	2024-08-06 19:18:56.235379+00	2024-08-07 19:18:56+00	\N	dd5a4c770a6247a1bdc2d8d27fe46cdc
19	eyJhbGciOiJIUzI1NiIsInR5cCI6IkpXVCJ9.eyJ0b2tlbl90eXBlIjoicmVmcmVzaCIsImV4cCI6MTcyMzA1ODM0MywiaWF0IjoxNzIyOTcxOTQzLCJqdGkiOiJiOWM1NGMxNzRmNWI0NDYyYTM4MTRiOTI4MWM5YzUwZCIsInVzZXJfaWQiOjR9.2v0oElHLb8eMwXbHtZCtwiAz0kC4UBRVg8DbSZWTzps	2024-08-06 19:19:03.963365+00	2024-08-07 19:19:03+00	\N	b9c54c174f5b4462a3814b9281c9c50d
20	eyJhbGciOiJIUzI1NiIsInR5cCI6IkpXVCJ9.eyJ0b2tlbl90eXBlIjoicmVmcmVzaCIsImV4cCI6MTcyMzA1ODk3MiwiaWF0IjoxNzIyOTcyNTcyLCJqdGkiOiI5ZDcyZDJlZDE5ZDQ0MTY3OGQxM2UyMWY3YjI2ZDBhNSIsInVzZXJfaWQiOjV9.UnJht_dVbX67wJCqRDgKdlFhgsGGBfDwBFwtVgUc4CU	2024-08-06 19:29:32.448435+00	2024-08-07 19:29:32+00	\N	9d72d2ed19d441678d13e21f7b26d0a5
21	eyJhbGciOiJIUzI1NiIsInR5cCI6IkpXVCJ9.eyJ0b2tlbl90eXBlIjoicmVmcmVzaCIsImV4cCI6MTcyMzA1ODk3OSwiaWF0IjoxNzIyOTcyNTc5LCJqdGkiOiIxNDgyZWEzNDliMDA0Yjc3OGEzNWU5ZWNjMTNkZjUyNCIsInVzZXJfaWQiOjV9.nQ2W7LjZ8WWpfpPZje8_-hTPj0_IpAhY2pKszqfyg90	2024-08-06 19:29:39.092603+00	2024-08-07 19:29:39+00	\N	1482ea349b004b778a35e9ecc13df524
22	eyJhbGciOiJIUzI1NiIsInR5cCI6IkpXVCJ9.eyJ0b2tlbl90eXBlIjoicmVmcmVzaCIsImV4cCI6MTcyMzA1OTUyNCwiaWF0IjoxNzIyOTczMTI0LCJqdGkiOiI5ZDZkNWMxZjA0NzE0YjcyYWM5NDY1MTBjNTY4ODA1YyIsInVzZXJfaWQiOjZ9.3-e7kD6BOe7-WCGDNSIyWgiTqeDb8BecxQNGAJ_swOw	2024-08-06 19:38:44.325804+00	2024-08-07 19:38:44+00	\N	9d6d5c1f04714b72ac946510c568805c
23	eyJhbGciOiJIUzI1NiIsInR5cCI6IkpXVCJ9.eyJ0b2tlbl90eXBlIjoicmVmcmVzaCIsImV4cCI6MTcyMzA1OTc3OCwiaWF0IjoxNzIyOTczMzc4LCJqdGkiOiI0NWIyMTY5ZDAzZjM0OTNiYTIzMDgxYWYyZmZmZDFlYyIsInVzZXJfaWQiOjd9.y-F1T2leheYWnVc_aM4gvmhuWvervJRuc-EPLARygeo	2024-08-06 19:42:58.299271+00	2024-08-07 19:42:58+00	\N	45b2169d03f3493ba23081af2fffd1ec
24	eyJhbGciOiJIUzI1NiIsInR5cCI6IkpXVCJ9.eyJ0b2tlbl90eXBlIjoicmVmcmVzaCIsImV4cCI6MTcyMzA1OTc4OCwiaWF0IjoxNzIyOTczMzg4LCJqdGkiOiI0ZjFlNmZhMGNiNzg0YThjYmFjZjQ0MjlkYjY5MWJmYSIsInVzZXJfaWQiOjd9.aiyTz6ZAQT23mju-q4R-3wMV8uwZpDWcQJVHMbZsbfY	2024-08-06 19:43:08.483111+00	2024-08-07 19:43:08+00	\N	4f1e6fa0cb784a8cbacf4429db691bfa
25	eyJhbGciOiJIUzI1NiIsInR5cCI6IkpXVCJ9.eyJ0b2tlbl90eXBlIjoicmVmcmVzaCIsImV4cCI6MTcyMzA2MTY2MCwiaWF0IjoxNzIyOTc1MjYwLCJqdGkiOiJkNjJlYmI1NmU2Zjc0ODNmOGIzY2VhN2QyYmIzM2ZkYyIsInVzZXJfaWQiOjJ9.m9Vq_7aaQhNP1YWlGMBw2ejY9Kh6k_d0qmDQg624o4A	2024-08-06 20:14:20.862349+00	2024-08-07 20:14:20+00	\N	d62ebb56e6f7483f8b3cea7d2bb33fdc
26	eyJhbGciOiJIUzI1NiIsInR5cCI6IkpXVCJ9.eyJ0b2tlbl90eXBlIjoicmVmcmVzaCIsImV4cCI6MTcyMzA2NTU4NiwiaWF0IjoxNzIyOTc5MTg2LCJqdGkiOiI2YmEzMjdhMTk4NzU0ZjA0YmE4M2VlNWE2NGQwYjk4NiIsInVzZXJfaWQiOjh9.nGWz3E8GaU_ojxxjije_vu7CC-SUv056xz13GykGIhI	2024-08-06 21:19:46.656889+00	2024-08-07 21:19:46+00	\N	6ba327a198754f04ba83ee5a64d0b986
27	eyJhbGciOiJIUzI1NiIsInR5cCI6IkpXVCJ9.eyJ0b2tlbl90eXBlIjoicmVmcmVzaCIsImV4cCI6MTcyMzA2NTY0NywiaWF0IjoxNzIyOTc5MjQ3LCJqdGkiOiJjMzMyNTM2NzcyMDQ0OTBjOWQ1NmUxZjUxNzQ5OWU0YiIsInVzZXJfaWQiOjh9.EqvHaUh20msmmkhYUx9tMzghpoLcvn-0HoOX0FTIT0w	2024-08-06 21:20:47.368374+00	2024-08-07 21:20:47+00	\N	c33253677204490c9d56e1f517499e4b
28	eyJhbGciOiJIUzI1NiIsInR5cCI6IkpXVCJ9.eyJ0b2tlbl90eXBlIjoicmVmcmVzaCIsImV4cCI6MTcyMzA2NTY3MywiaWF0IjoxNzIyOTc5MjczLCJqdGkiOiJiODMxZGRjNDZhMWU0ZTM4OTEwYmM0MTBhNzc5ZjhiOSIsInVzZXJfaWQiOjl9.M20s2Q5Hz3RXwRXXhH4oYJUt7fBUX1B70rwzoZ-UlJU	2024-08-06 21:21:13.056931+00	2024-08-07 21:21:13+00	\N	b831ddc46a1e4e38910bc410a779f8b9
29	eyJhbGciOiJIUzI1NiIsInR5cCI6IkpXVCJ9.eyJ0b2tlbl90eXBlIjoicmVmcmVzaCIsImV4cCI6MTcyMzA2NTg1MCwiaWF0IjoxNzIyOTc5NDUwLCJqdGkiOiJkODAxOGY1NzA3ZjA0OTg3YjY4ODk5NWM2NmQyNmRiNyIsInVzZXJfaWQiOjEwfQ.SE4_J4vO85_4-KnXvmbNfNPdHPIfbDq10f5DG7WNQu0	2024-08-06 21:24:10.067883+00	2024-08-07 21:24:10+00	\N	d8018f5707f04987b688995c66d26db7
30	eyJhbGciOiJIUzI1NiIsInR5cCI6IkpXVCJ9.eyJ0b2tlbl90eXBlIjoicmVmcmVzaCIsImV4cCI6MTcyMzA2NTg1NywiaWF0IjoxNzIyOTc5NDU3LCJqdGkiOiJkMmJjMzFhMTI2NWE0MzFjOTEzNTljYzQ4NjUyOGM5NCIsInVzZXJfaWQiOjEwfQ.HJTYssgTogZcbuElFh9RZ_vaI2IGJxRsMl9UBW2WXsY	2024-08-06 21:24:17.359738+00	2024-08-07 21:24:17+00	\N	d2bc31a1265a431c91359cc486528c94
\.


--
-- Name: auth_group_id_seq; Type: SEQUENCE SET; Schema: public; Owner: tarot_user
--

SELECT pg_catalog.setval('public.auth_group_id_seq', 1, false);


--
-- Name: auth_group_permissions_id_seq; Type: SEQUENCE SET; Schema: public; Owner: tarot_user
--

SELECT pg_catalog.setval('public.auth_group_permissions_id_seq', 1, false);


--
-- Name: auth_permission_id_seq; Type: SEQUENCE SET; Schema: public; Owner: tarot_user
--

SELECT pg_catalog.setval('public.auth_permission_id_seq', 52, true);


--
-- Name: auth_user_groups_id_seq; Type: SEQUENCE SET; Schema: public; Owner: tarot_user
--

SELECT pg_catalog.setval('public.auth_user_groups_id_seq', 1, false);


--
-- Name: auth_user_id_seq; Type: SEQUENCE SET; Schema: public; Owner: tarot_user
--

SELECT pg_catalog.setval('public.auth_user_id_seq', 10, true);


--
-- Name: auth_user_user_permissions_id_seq; Type: SEQUENCE SET; Schema: public; Owner: tarot_user
--

SELECT pg_catalog.setval('public.auth_user_user_permissions_id_seq', 1, false);


--
-- Name: django_admin_log_id_seq; Type: SEQUENCE SET; Schema: public; Owner: tarot_user
--

SELECT pg_catalog.setval('public.django_admin_log_id_seq', 80, true);


--
-- Name: django_content_type_id_seq; Type: SEQUENCE SET; Schema: public; Owner: tarot_user
--

SELECT pg_catalog.setval('public.django_content_type_id_seq', 13, true);


--
-- Name: django_migrations_id_seq; Type: SEQUENCE SET; Schema: public; Owner: tarot_user
--

SELECT pg_catalog.setval('public.django_migrations_id_seq', 42, true);


--
-- Name: tarot_rest_card_id_seq; Type: SEQUENCE SET; Schema: public; Owner: tarot_user
--

SELECT pg_catalog.setval('public.tarot_rest_card_id_seq', 60, true);


--
-- Name: tarot_rest_deck_id_seq; Type: SEQUENCE SET; Schema: public; Owner: tarot_user
--

SELECT pg_catalog.setval('public.tarot_rest_deck_id_seq', 14, true);


--
-- Name: tarot_rest_reading_cards_id_seq; Type: SEQUENCE SET; Schema: public; Owner: tarot_user
--

SELECT pg_catalog.setval('public.tarot_rest_reading_cards_id_seq', 153, true);


--
-- Name: tarot_rest_reading_id_seq; Type: SEQUENCE SET; Schema: public; Owner: tarot_user
--

SELECT pg_catalog.setval('public.tarot_rest_reading_id_seq', 51, true);


--
-- Name: token_blacklist_blacklistedtoken_id_seq; Type: SEQUENCE SET; Schema: public; Owner: tarot_user
--

SELECT pg_catalog.setval('public.token_blacklist_blacklistedtoken_id_seq', 9, true);


--
-- Name: token_blacklist_outstandingtoken_id_seq; Type: SEQUENCE SET; Schema: public; Owner: tarot_user
--

SELECT pg_catalog.setval('public.token_blacklist_outstandingtoken_id_seq', 30, true);


--
-- Name: auth_group auth_group_name_key; Type: CONSTRAINT; Schema: public; Owner: tarot_user
--

ALTER TABLE ONLY public.auth_group
    ADD CONSTRAINT auth_group_name_key UNIQUE (name);


--
-- Name: auth_group_permissions auth_group_permissions_group_id_permission_id_0cd325b0_uniq; Type: CONSTRAINT; Schema: public; Owner: tarot_user
--

ALTER TABLE ONLY public.auth_group_permissions
    ADD CONSTRAINT auth_group_permissions_group_id_permission_id_0cd325b0_uniq UNIQUE (group_id, permission_id);


--
-- Name: auth_group_permissions auth_group_permissions_pkey; Type: CONSTRAINT; Schema: public; Owner: tarot_user
--

ALTER TABLE ONLY public.auth_group_permissions
    ADD CONSTRAINT auth_group_permissions_pkey PRIMARY KEY (id);


--
-- Name: auth_group auth_group_pkey; Type: CONSTRAINT; Schema: public; Owner: tarot_user
--

ALTER TABLE ONLY public.auth_group
    ADD CONSTRAINT auth_group_pkey PRIMARY KEY (id);


--
-- Name: auth_permission auth_permission_content_type_id_codename_01ab375a_uniq; Type: CONSTRAINT; Schema: public; Owner: tarot_user
--

ALTER TABLE ONLY public.auth_permission
    ADD CONSTRAINT auth_permission_content_type_id_codename_01ab375a_uniq UNIQUE (content_type_id, codename);


--
-- Name: auth_permission auth_permission_pkey; Type: CONSTRAINT; Schema: public; Owner: tarot_user
--

ALTER TABLE ONLY public.auth_permission
    ADD CONSTRAINT auth_permission_pkey PRIMARY KEY (id);


--
-- Name: auth_user_groups auth_user_groups_pkey; Type: CONSTRAINT; Schema: public; Owner: tarot_user
--

ALTER TABLE ONLY public.auth_user_groups
    ADD CONSTRAINT auth_user_groups_pkey PRIMARY KEY (id);


--
-- Name: auth_user_groups auth_user_groups_user_id_group_id_94350c0c_uniq; Type: CONSTRAINT; Schema: public; Owner: tarot_user
--

ALTER TABLE ONLY public.auth_user_groups
    ADD CONSTRAINT auth_user_groups_user_id_group_id_94350c0c_uniq UNIQUE (user_id, group_id);


--
-- Name: auth_user auth_user_pkey; Type: CONSTRAINT; Schema: public; Owner: tarot_user
--

ALTER TABLE ONLY public.auth_user
    ADD CONSTRAINT auth_user_pkey PRIMARY KEY (id);


--
-- Name: auth_user_user_permissions auth_user_user_permissions_pkey; Type: CONSTRAINT; Schema: public; Owner: tarot_user
--

ALTER TABLE ONLY public.auth_user_user_permissions
    ADD CONSTRAINT auth_user_user_permissions_pkey PRIMARY KEY (id);


--
-- Name: auth_user_user_permissions auth_user_user_permissions_user_id_permission_id_14a6b632_uniq; Type: CONSTRAINT; Schema: public; Owner: tarot_user
--

ALTER TABLE ONLY public.auth_user_user_permissions
    ADD CONSTRAINT auth_user_user_permissions_user_id_permission_id_14a6b632_uniq UNIQUE (user_id, permission_id);


--
-- Name: auth_user auth_user_username_key; Type: CONSTRAINT; Schema: public; Owner: tarot_user
--

ALTER TABLE ONLY public.auth_user
    ADD CONSTRAINT auth_user_username_key UNIQUE (username);


--
-- Name: authtoken_token authtoken_token_pkey; Type: CONSTRAINT; Schema: public; Owner: tarot_user
--

ALTER TABLE ONLY public.authtoken_token
    ADD CONSTRAINT authtoken_token_pkey PRIMARY KEY (key);


--
-- Name: authtoken_token authtoken_token_user_id_key; Type: CONSTRAINT; Schema: public; Owner: tarot_user
--

ALTER TABLE ONLY public.authtoken_token
    ADD CONSTRAINT authtoken_token_user_id_key UNIQUE (user_id);


--
-- Name: django_admin_log django_admin_log_pkey; Type: CONSTRAINT; Schema: public; Owner: tarot_user
--

ALTER TABLE ONLY public.django_admin_log
    ADD CONSTRAINT django_admin_log_pkey PRIMARY KEY (id);


--
-- Name: django_content_type django_content_type_app_label_model_76bd3d3b_uniq; Type: CONSTRAINT; Schema: public; Owner: tarot_user
--

ALTER TABLE ONLY public.django_content_type
    ADD CONSTRAINT django_content_type_app_label_model_76bd3d3b_uniq UNIQUE (app_label, model);


--
-- Name: django_content_type django_content_type_pkey; Type: CONSTRAINT; Schema: public; Owner: tarot_user
--

ALTER TABLE ONLY public.django_content_type
    ADD CONSTRAINT django_content_type_pkey PRIMARY KEY (id);


--
-- Name: django_migrations django_migrations_pkey; Type: CONSTRAINT; Schema: public; Owner: tarot_user
--

ALTER TABLE ONLY public.django_migrations
    ADD CONSTRAINT django_migrations_pkey PRIMARY KEY (id);


--
-- Name: django_session django_session_pkey; Type: CONSTRAINT; Schema: public; Owner: tarot_user
--

ALTER TABLE ONLY public.django_session
    ADD CONSTRAINT django_session_pkey PRIMARY KEY (session_key);


--
-- Name: tarot_rest_card tarot_rest_card_pkey; Type: CONSTRAINT; Schema: public; Owner: tarot_user
--

ALTER TABLE ONLY public.tarot_rest_card
    ADD CONSTRAINT tarot_rest_card_pkey PRIMARY KEY (id);


--
-- Name: tarot_rest_deck tarot_rest_deck_pkey; Type: CONSTRAINT; Schema: public; Owner: tarot_user
--

ALTER TABLE ONLY public.tarot_rest_deck
    ADD CONSTRAINT tarot_rest_deck_pkey PRIMARY KEY (id);


--
-- Name: tarot_rest_reading_cards tarot_rest_reading_cards_pkey; Type: CONSTRAINT; Schema: public; Owner: tarot_user
--

ALTER TABLE ONLY public.tarot_rest_reading_cards
    ADD CONSTRAINT tarot_rest_reading_cards_pkey PRIMARY KEY (id);


--
-- Name: tarot_rest_reading_cards tarot_rest_reading_cards_reading_id_card_id_cc83bcbd_uniq; Type: CONSTRAINT; Schema: public; Owner: tarot_user
--

ALTER TABLE ONLY public.tarot_rest_reading_cards
    ADD CONSTRAINT tarot_rest_reading_cards_reading_id_card_id_cc83bcbd_uniq UNIQUE (reading_id, card_id);


--
-- Name: tarot_rest_reading tarot_rest_reading_pkey; Type: CONSTRAINT; Schema: public; Owner: tarot_user
--

ALTER TABLE ONLY public.tarot_rest_reading
    ADD CONSTRAINT tarot_rest_reading_pkey PRIMARY KEY (id);


--
-- Name: token_blacklist_blacklistedtoken token_blacklist_blacklistedtoken_pkey; Type: CONSTRAINT; Schema: public; Owner: tarot_user
--

ALTER TABLE ONLY public.token_blacklist_blacklistedtoken
    ADD CONSTRAINT token_blacklist_blacklistedtoken_pkey PRIMARY KEY (id);


--
-- Name: token_blacklist_blacklistedtoken token_blacklist_blacklistedtoken_token_id_key; Type: CONSTRAINT; Schema: public; Owner: tarot_user
--

ALTER TABLE ONLY public.token_blacklist_blacklistedtoken
    ADD CONSTRAINT token_blacklist_blacklistedtoken_token_id_key UNIQUE (token_id);


--
-- Name: token_blacklist_outstandingtoken token_blacklist_outstandingtoken_jti_hex_d9bdf6f7_uniq; Type: CONSTRAINT; Schema: public; Owner: tarot_user
--

ALTER TABLE ONLY public.token_blacklist_outstandingtoken
    ADD CONSTRAINT token_blacklist_outstandingtoken_jti_hex_d9bdf6f7_uniq UNIQUE (jti);


--
-- Name: token_blacklist_outstandingtoken token_blacklist_outstandingtoken_pkey; Type: CONSTRAINT; Schema: public; Owner: tarot_user
--

ALTER TABLE ONLY public.token_blacklist_outstandingtoken
    ADD CONSTRAINT token_blacklist_outstandingtoken_pkey PRIMARY KEY (id);


--
-- Name: auth_group_name_a6ea08ec_like; Type: INDEX; Schema: public; Owner: tarot_user
--

CREATE INDEX auth_group_name_a6ea08ec_like ON public.auth_group USING btree (name varchar_pattern_ops);


--
-- Name: auth_group_permissions_group_id_b120cbf9; Type: INDEX; Schema: public; Owner: tarot_user
--

CREATE INDEX auth_group_permissions_group_id_b120cbf9 ON public.auth_group_permissions USING btree (group_id);


--
-- Name: auth_group_permissions_permission_id_84c5c92e; Type: INDEX; Schema: public; Owner: tarot_user
--

CREATE INDEX auth_group_permissions_permission_id_84c5c92e ON public.auth_group_permissions USING btree (permission_id);


--
-- Name: auth_permission_content_type_id_2f476e4b; Type: INDEX; Schema: public; Owner: tarot_user
--

CREATE INDEX auth_permission_content_type_id_2f476e4b ON public.auth_permission USING btree (content_type_id);


--
-- Name: auth_user_groups_group_id_97559544; Type: INDEX; Schema: public; Owner: tarot_user
--

CREATE INDEX auth_user_groups_group_id_97559544 ON public.auth_user_groups USING btree (group_id);


--
-- Name: auth_user_groups_user_id_6a12ed8b; Type: INDEX; Schema: public; Owner: tarot_user
--

CREATE INDEX auth_user_groups_user_id_6a12ed8b ON public.auth_user_groups USING btree (user_id);


--
-- Name: auth_user_user_permissions_permission_id_1fbb5f2c; Type: INDEX; Schema: public; Owner: tarot_user
--

CREATE INDEX auth_user_user_permissions_permission_id_1fbb5f2c ON public.auth_user_user_permissions USING btree (permission_id);


--
-- Name: auth_user_user_permissions_user_id_a95ead1b; Type: INDEX; Schema: public; Owner: tarot_user
--

CREATE INDEX auth_user_user_permissions_user_id_a95ead1b ON public.auth_user_user_permissions USING btree (user_id);


--
-- Name: auth_user_username_6821ab7c_like; Type: INDEX; Schema: public; Owner: tarot_user
--

CREATE INDEX auth_user_username_6821ab7c_like ON public.auth_user USING btree (username varchar_pattern_ops);


--
-- Name: authtoken_token_key_10f0b77e_like; Type: INDEX; Schema: public; Owner: tarot_user
--

CREATE INDEX authtoken_token_key_10f0b77e_like ON public.authtoken_token USING btree (key varchar_pattern_ops);


--
-- Name: django_admin_log_content_type_id_c4bce8eb; Type: INDEX; Schema: public; Owner: tarot_user
--

CREATE INDEX django_admin_log_content_type_id_c4bce8eb ON public.django_admin_log USING btree (content_type_id);


--
-- Name: django_admin_log_user_id_c564eba6; Type: INDEX; Schema: public; Owner: tarot_user
--

CREATE INDEX django_admin_log_user_id_c564eba6 ON public.django_admin_log USING btree (user_id);


--
-- Name: django_session_expire_date_a5c62663; Type: INDEX; Schema: public; Owner: tarot_user
--

CREATE INDEX django_session_expire_date_a5c62663 ON public.django_session USING btree (expire_date);


--
-- Name: django_session_session_key_c0390e0f_like; Type: INDEX; Schema: public; Owner: tarot_user
--

CREATE INDEX django_session_session_key_c0390e0f_like ON public.django_session USING btree (session_key varchar_pattern_ops);


--
-- Name: tarot_rest_card_deck_id_8a9eaa84; Type: INDEX; Schema: public; Owner: tarot_user
--

CREATE INDEX tarot_rest_card_deck_id_8a9eaa84 ON public.tarot_rest_card USING btree (deck_id);


--
-- Name: tarot_rest_deck_user_id_7efc3713; Type: INDEX; Schema: public; Owner: tarot_user
--

CREATE INDEX tarot_rest_deck_user_id_7efc3713 ON public.tarot_rest_deck USING btree (user_id);


--
-- Name: tarot_rest_reading_cards_card_id_7d37276d; Type: INDEX; Schema: public; Owner: tarot_user
--

CREATE INDEX tarot_rest_reading_cards_card_id_7d37276d ON public.tarot_rest_reading_cards USING btree (card_id);


--
-- Name: tarot_rest_reading_cards_reading_id_9d92215e; Type: INDEX; Schema: public; Owner: tarot_user
--

CREATE INDEX tarot_rest_reading_cards_reading_id_9d92215e ON public.tarot_rest_reading_cards USING btree (reading_id);


--
-- Name: tarot_rest_reading_user_id_3d9c633e; Type: INDEX; Schema: public; Owner: tarot_user
--

CREATE INDEX tarot_rest_reading_user_id_3d9c633e ON public.tarot_rest_reading USING btree (user_id);


--
-- Name: token_blacklist_outstandingtoken_jti_hex_d9bdf6f7_like; Type: INDEX; Schema: public; Owner: tarot_user
--

CREATE INDEX token_blacklist_outstandingtoken_jti_hex_d9bdf6f7_like ON public.token_blacklist_outstandingtoken USING btree (jti varchar_pattern_ops);


--
-- Name: token_blacklist_outstandingtoken_user_id_83bc629a; Type: INDEX; Schema: public; Owner: tarot_user
--

CREATE INDEX token_blacklist_outstandingtoken_user_id_83bc629a ON public.token_blacklist_outstandingtoken USING btree (user_id);


--
-- Name: auth_group_permissions auth_group_permissio_permission_id_84c5c92e_fk_auth_perm; Type: FK CONSTRAINT; Schema: public; Owner: tarot_user
--

ALTER TABLE ONLY public.auth_group_permissions
    ADD CONSTRAINT auth_group_permissio_permission_id_84c5c92e_fk_auth_perm FOREIGN KEY (permission_id) REFERENCES public.auth_permission(id) DEFERRABLE INITIALLY DEFERRED;


--
-- Name: auth_group_permissions auth_group_permissions_group_id_b120cbf9_fk_auth_group_id; Type: FK CONSTRAINT; Schema: public; Owner: tarot_user
--

ALTER TABLE ONLY public.auth_group_permissions
    ADD CONSTRAINT auth_group_permissions_group_id_b120cbf9_fk_auth_group_id FOREIGN KEY (group_id) REFERENCES public.auth_group(id) DEFERRABLE INITIALLY DEFERRED;


--
-- Name: auth_permission auth_permission_content_type_id_2f476e4b_fk_django_co; Type: FK CONSTRAINT; Schema: public; Owner: tarot_user
--

ALTER TABLE ONLY public.auth_permission
    ADD CONSTRAINT auth_permission_content_type_id_2f476e4b_fk_django_co FOREIGN KEY (content_type_id) REFERENCES public.django_content_type(id) DEFERRABLE INITIALLY DEFERRED;


--
-- Name: auth_user_groups auth_user_groups_group_id_97559544_fk_auth_group_id; Type: FK CONSTRAINT; Schema: public; Owner: tarot_user
--

ALTER TABLE ONLY public.auth_user_groups
    ADD CONSTRAINT auth_user_groups_group_id_97559544_fk_auth_group_id FOREIGN KEY (group_id) REFERENCES public.auth_group(id) DEFERRABLE INITIALLY DEFERRED;


--
-- Name: auth_user_groups auth_user_groups_user_id_6a12ed8b_fk_auth_user_id; Type: FK CONSTRAINT; Schema: public; Owner: tarot_user
--

ALTER TABLE ONLY public.auth_user_groups
    ADD CONSTRAINT auth_user_groups_user_id_6a12ed8b_fk_auth_user_id FOREIGN KEY (user_id) REFERENCES public.auth_user(id) DEFERRABLE INITIALLY DEFERRED;


--
-- Name: auth_user_user_permissions auth_user_user_permi_permission_id_1fbb5f2c_fk_auth_perm; Type: FK CONSTRAINT; Schema: public; Owner: tarot_user
--

ALTER TABLE ONLY public.auth_user_user_permissions
    ADD CONSTRAINT auth_user_user_permi_permission_id_1fbb5f2c_fk_auth_perm FOREIGN KEY (permission_id) REFERENCES public.auth_permission(id) DEFERRABLE INITIALLY DEFERRED;


--
-- Name: auth_user_user_permissions auth_user_user_permissions_user_id_a95ead1b_fk_auth_user_id; Type: FK CONSTRAINT; Schema: public; Owner: tarot_user
--

ALTER TABLE ONLY public.auth_user_user_permissions
    ADD CONSTRAINT auth_user_user_permissions_user_id_a95ead1b_fk_auth_user_id FOREIGN KEY (user_id) REFERENCES public.auth_user(id) DEFERRABLE INITIALLY DEFERRED;


--
-- Name: authtoken_token authtoken_token_user_id_35299eff_fk_auth_user_id; Type: FK CONSTRAINT; Schema: public; Owner: tarot_user
--

ALTER TABLE ONLY public.authtoken_token
    ADD CONSTRAINT authtoken_token_user_id_35299eff_fk_auth_user_id FOREIGN KEY (user_id) REFERENCES public.auth_user(id) DEFERRABLE INITIALLY DEFERRED;


--
-- Name: django_admin_log django_admin_log_content_type_id_c4bce8eb_fk_django_co; Type: FK CONSTRAINT; Schema: public; Owner: tarot_user
--

ALTER TABLE ONLY public.django_admin_log
    ADD CONSTRAINT django_admin_log_content_type_id_c4bce8eb_fk_django_co FOREIGN KEY (content_type_id) REFERENCES public.django_content_type(id) DEFERRABLE INITIALLY DEFERRED;


--
-- Name: django_admin_log django_admin_log_user_id_c564eba6_fk_auth_user_id; Type: FK CONSTRAINT; Schema: public; Owner: tarot_user
--

ALTER TABLE ONLY public.django_admin_log
    ADD CONSTRAINT django_admin_log_user_id_c564eba6_fk_auth_user_id FOREIGN KEY (user_id) REFERENCES public.auth_user(id) DEFERRABLE INITIALLY DEFERRED;


--
-- Name: tarot_rest_card tarot_rest_card_deck_id_8a9eaa84_fk_tarot_rest_deck_id; Type: FK CONSTRAINT; Schema: public; Owner: tarot_user
--

ALTER TABLE ONLY public.tarot_rest_card
    ADD CONSTRAINT tarot_rest_card_deck_id_8a9eaa84_fk_tarot_rest_deck_id FOREIGN KEY (deck_id) REFERENCES public.tarot_rest_deck(id) DEFERRABLE INITIALLY DEFERRED;


--
-- Name: tarot_rest_deck tarot_rest_deck_user_id_7efc3713_fk_auth_user_id; Type: FK CONSTRAINT; Schema: public; Owner: tarot_user
--

ALTER TABLE ONLY public.tarot_rest_deck
    ADD CONSTRAINT tarot_rest_deck_user_id_7efc3713_fk_auth_user_id FOREIGN KEY (user_id) REFERENCES public.auth_user(id) DEFERRABLE INITIALLY DEFERRED;


--
-- Name: tarot_rest_reading_cards tarot_rest_reading_c_reading_id_9d92215e_fk_tarot_res; Type: FK CONSTRAINT; Schema: public; Owner: tarot_user
--

ALTER TABLE ONLY public.tarot_rest_reading_cards
    ADD CONSTRAINT tarot_rest_reading_c_reading_id_9d92215e_fk_tarot_res FOREIGN KEY (reading_id) REFERENCES public.tarot_rest_reading(id) DEFERRABLE INITIALLY DEFERRED;


--
-- Name: tarot_rest_reading_cards tarot_rest_reading_cards_card_id_7d37276d_fk_tarot_rest_card_id; Type: FK CONSTRAINT; Schema: public; Owner: tarot_user
--

ALTER TABLE ONLY public.tarot_rest_reading_cards
    ADD CONSTRAINT tarot_rest_reading_cards_card_id_7d37276d_fk_tarot_rest_card_id FOREIGN KEY (card_id) REFERENCES public.tarot_rest_card(id) DEFERRABLE INITIALLY DEFERRED;


--
-- Name: tarot_rest_reading tarot_rest_reading_user_id_3d9c633e_fk_auth_user_id; Type: FK CONSTRAINT; Schema: public; Owner: tarot_user
--

ALTER TABLE ONLY public.tarot_rest_reading
    ADD CONSTRAINT tarot_rest_reading_user_id_3d9c633e_fk_auth_user_id FOREIGN KEY (user_id) REFERENCES public.auth_user(id) DEFERRABLE INITIALLY DEFERRED;


--
-- Name: token_blacklist_blacklistedtoken token_blacklist_blacklistedtoken_token_id_3cc7fe56_fk; Type: FK CONSTRAINT; Schema: public; Owner: tarot_user
--

ALTER TABLE ONLY public.token_blacklist_blacklistedtoken
    ADD CONSTRAINT token_blacklist_blacklistedtoken_token_id_3cc7fe56_fk FOREIGN KEY (token_id) REFERENCES public.token_blacklist_outstandingtoken(id) DEFERRABLE INITIALLY DEFERRED;


--
-- Name: token_blacklist_outstandingtoken token_blacklist_outs_user_id_83bc629a_fk_auth_user; Type: FK CONSTRAINT; Schema: public; Owner: tarot_user
--

ALTER TABLE ONLY public.token_blacklist_outstandingtoken
    ADD CONSTRAINT token_blacklist_outs_user_id_83bc629a_fk_auth_user FOREIGN KEY (user_id) REFERENCES public.auth_user(id) DEFERRABLE INITIALLY DEFERRED;


--
-- PostgreSQL database dump complete
--

